transaction_hash,block_number,timestamp,chain,from_address,to_address,amount_usd,gas_fee_usd,token_symbol,tx_type,status,year,month,day
0xcfcd208495d565ef66e7dff9f98764da,18684673,2024-01-01 00:00:00,ethereum,0x7abc639eac9341d874a38cfaa31fdd5d,0x36dd49488ea744e26a2209907207ca73,248.88,2.2113,ETH,transfer,confirmed,2024,1,1
0xc4ca4238a0b923820dcc509a6f75849b,18547875,2024-01-01 00:20:00,polygon,0x9655f83cc2e491a9ec86408f0b29707f,0x25c33903b16c17181fff969dee441fe2,92.78,2.9507,ETH,transfer,confirmed,2024,1,1
0xc81e728d9d4c2f636f067f89cc14862c,18177337,2024-01-01 00:40:00,ethereum,0x3d2bdd7127d5b13d05db0eb63c54153c,0xf81bc33bca062e4a5c55dcef16f78ebc,1024.67,2.3916,BTC,transfer,confirmed,2024,1,1
0xeccbc87e4b5ce2fe28308fd9f2a7baf3,18691368,2024-01-01 01:00:00,ethereum,0x66a7b361e0dfccab8c8146a49781a7a1,0x96a3f27d70f5614b8a3b17257f781a2e,155.15,4.6628,USDC,transfer,confirmed,2024,1,1
0xa87ff679a2f3e71d9181a67b7542122c,18239305,2024-01-01 01:20:00,ethereum,0x6e534aee15dd957db5509154f74fbb62,0x81544975cc160ddf4ca4e864c4973b90,10360.86,1.8621,MATIC,transfer,failed,2024,1,1
0xe4da3b7fbbce2345d7772b0674a318d5,18755432,2024-01-01 01:40:00,ethereum,0x7afaca50ca74f431d757c79b90873448,0xd18c4cb23a10d14f636ab755cb9ed1a5,28.36,7.4013,USDT,transfer,confirmed,2024,1,1
0x1679091c5a880faf6fb5e6087eb1b2dc,18843474,2024-01-01 02:00:00,solana,0x5a44fe3651bec157f3cf646e9a71b78f,0x5860ae442ba1734ea2152a48df27c73d,604.16,4.1525,USDC,mint,confirmed,2024,1,1
0x8f14e45fceea167a5a36dedd4bea2543,18349252,2024-01-01 02:20:00,solana,0xb1826747cd38457c483eaa7f144e766e,0x42058014ba333a403deee0b2e5d8b4bd,250.7,9.7286,USDT,stake,confirmed,2024,1,1
0xc9f0f895fb98ab9159f51fd0297e236d,18810181,2024-01-01 02:40:00,ethereum,0x468df68dcecda0299e6da726968a3dba,0x8271ebe3719920096e171eb057f38df0,443.15,4.1802,BTC,swap,confirmed,2024,1,1
0x45c48cce2e2d7fbdea1afc51c7c6ad26,18849844,2024-01-01 03:00:00,solana,0x7a9e23e20d7b107df43362f5fdad6574,0x80f977a8bdc0e884c2ffe5eee6052fe9,863.69,16.3342,USDC,swap,confirmed,2024,1,1
0xd3d9446802a44259755d38e6d163e820,18806273,2024-01-01 03:20:00,ethereum,0x3c34433f7618b5e90d81919c96c03cff,0x621c4b5daa1ad37a7c63a07c50c009ed,19.74,11.5021,ETH,swap,confirmed,2024,1,1
0x6512bd43d9caa6e02c990b0a82652dca,18228247,2024-01-01 03:40:00,ethereum,0xd2c3d7d9cf93bc76809e42c8af6d7a67,0x02f3b5c7a0ba589590f72c93a811095b,77396.61,3.9171,BTC,transfer,confirmed,2024,1,1
0xc20ad4d76fe97759aa27a0c99bff6710,18064766,2024-01-01 04:00:00,bitcoin,0xce9c629623d9c2ef3e724b7b656a7a76,0xe4e56a6d1c3554690c9df3e0f6682eff,2131.23,4.6496,MATIC,burn,confirmed,2024,1,1
0xc51ce410c124a10e0db5e4b97fc2af39,18384803,2024-01-01 04:20:00,ethereum,0x7e49671bbdf7196c59db8f1b8c973e4b,0x670548f36d5d97f96d6aa344bfed1e1a,233.78,6.3622,USDC,swap,failed,2024,1,1
0xaab3238922bcc25a6f606eb525ffdc56,18278583,2024-01-01 04:40:00,bitcoin,0x44e4771dc964fe9cbee316c7a3b2f196,0x362bf804f2d863b41c9db7ac977ea998,536.28,5.5886,BTC,transfer,confirmed,2024,1,1
0x9bf31c7ff062936a96d3c8bd1f8f2ff3,18405489,2024-01-01 05:00:00,bitcoin,0xdc6dd08dd9a835dab3f17eaa7f413d2e,0x8ff321ae19667fdf5a270d61de3e8284,73.65,2.7288,USDT,stake,confirmed,2024,1,1
0xc74d97b01eae257e44aa9d5bade97baf,18639425,2024-01-01 05:20:00,polygon,0x45ff989eb2826b41ffe5b67539610d3d,0x95fed106b5dbb96d08961e7e1ce8189c,7.96,2.0557,ETH,transfer,confirmed,2024,1,1
0x70efdf2ec9b086079795c442636b55fb,18860336,2024-01-01 05:40:00,polygon,0x462448dda93ff83b4c535d312baf33d7,0x183326747f177d5985a004afd7552c08,23.76,3.9476,USDT,transfer,confirmed,2024,1,1
0x6f4922f45568161a8cdf4ad2299f6d23,18835643,2024-01-01 06:00:00,solana,0x121f7c48298a4b87337defef069924d5,0x74f91f6fc3421bb1c3edce0176956bf4,396.73,3.4715,USDC,swap,failed,2024,1,1
0x1f0e3dad99908345f7439f8ffabdffc4,18075750,2024-01-01 06:20:00,bitcoin,0xedfafc948d914f469a5306dc1a4492ea,0xcf1ff989de77c963d8ecc1716c357b22,899.7,8.2071,USDT,stake,confirmed,2024,1,1
0x98f13708210194c475687be6106a3b84,18910699,2024-01-01 06:40:00,polygon,0x5793700343a62eb759b41f2003632cfd,0x3f9aa03dab5591c8ded5b7fee14a9c6f,595.77,2.4576,USDT,mint,confirmed,2024,1,1
0x3c59dc048e8850243be8079a5c74d079,18794868,2024-01-01 07:00:00,polygon,0xeee0aab16da98010e9ab145300fd0650,0x11af88e28351f91c6c2eff903bea6bda,403.23,5.7972,USDC,transfer,confirmed,2024,1,1
0xb6d767d2f8ed5d21a44b0e5886680cb9,18947415,2024-01-01 07:20:00,polygon,0x6423c2b12ffefa3268a6ea0959d1e46e,0xe353bd0e6e877a4e76c6489f0902b949,308.01,5.2705,ETH,transfer,confirmed,2024,1,1
0x37693cfc748049e45d87b8c7d8b9aacd,18891072,2024-01-01 07:40:00,ethereum,0xac8bd8e5b84c18be6dec7ed7d2b8af3b,0x07dc8fb64e6b30879591ead540311c0c,1.0,1.2878,USDC,swap,confirmed,2024,1,1
0x1ff1de774005f8da13f42943881c655f,18029324,2024-01-01 08:00:00,bitcoin,0x6ec4fcf329f1071fb16b48feb03da0e8,0x6d7826bc4047215c93a79328e9405eb3,1.14,22.6939,USDT,transfer,failed,2024,1,1
0x8e296a067a37563370ded05f5a3bf3ec,18439720,2024-01-01 08:20:00,polygon,0x0a87b89484bc3a8fe47faeac616a6522,0xfffa4fac6116f20d8905ed8bb6aa7869,2971.65,2.2681,ETH,transfer,confirmed,2024,1,1
0x4e732ced3463d06de0ca9a15b6153677,18476180,2024-01-01 08:40:00,bitcoin,0x39c08709b132f1bd71746399ba26bd82,0x4e47b78eb10721635b8d7ac3ad983cdd,78.45,15.6723,USDT,burn,confirmed,2024,1,1
0x02e74f10e0327ad868d138f2b4fdd6f0,18817657,2024-01-01 09:00:00,solana,0xf7dc4be90d41709f7532e72c7add4a5a,0xe8118364a0fe91a4277a0006d551a7fc,87.15,3.3048,USDT,swap,confirmed,2024,1,1
0x33e75ff09dd601bbe69f351039152189,18668731,2024-01-01 09:20:00,bitcoin,0x286ba612fb135f649f0799eec367baa7,0xf8187ecc361b8a31bed7819848b8607e,214.65,9.3582,BTC,mint,confirmed,2024,1,1
0x6ea9ab1baa0efb9e19094440c317e21b,18340775,2024-01-01 09:40:00,ethereum,0xe6eff24a51ff842e489234ef8e73ecca,0xe8b235527f47295df46e781301a8b2f1,54.56,7.0058,USDC,transfer,confirmed,2024,1,1
0x34173cb38f07f89ddbebc2ac9128303f,18574031,2024-01-01 10:00:00,ethereum,0xec597c2b244b1883b3a45e6946accdf4,0xb0629c40ad796c53f1c914700ba34054,18.67,2.5146,USDC,stake,confirmed,2024,1,1
0xc16a5320fa475530d9583c34fd356ef5,18002810,2024-01-01 10:20:00,ethereum,0x7395a40c2362452913eaa4229613870f,0x5c38476a6ecc93f8bb68bde4c4b59fc3,196.48,2.9021,MATIC,swap,confirmed,2024,1,1
0x6364d3f0f495b6ab9dcf8d3b5c6e0b01,18460571,2024-01-01 10:40:00,polygon,0x4ad46be569763c9f1720414e7814a9ed,0x49e2453a4d7f1a94e6d0edfccb0e2e66,11.16,2.194,BTC,transfer,confirmed,2024,1,1
0x182be0c5cdcd5072bb1864cdee4d3d6e,18502590,2024-01-01 11:00:00,bitcoin,0xc9395d77dced2d02b85c5f63b54bb9a8,0xef1e9bd607e0693fb4e3850d200a3650,367.85,17.9374,ETH,transfer,confirmed,2024,1,1
0xe369853df766fa44e1ed0ff613f563bd,18326373,2024-01-01 11:20:00,polygon,0x7697b10474c0f8200f63f7a94f443762,0x615d92d57a77bab3a9cc26cd857f163c,2007.73,2.8464,USDC,swap,confirmed,2024,1,1
0x1c383cd30b7c298ab50293adfecb7b18,18072420,2024-01-01 11:40:00,bitcoin,0x4be93e1593242bd5cd9c92380954055e,0xa9d7d171e2c8c1fcec1b0e339537f788,703.56,4.5784,BTC,swap,confirmed,2024,1,1
0x19ca14e7ea6328a42e0eb13d585e4c22,18015852,2024-01-01 12:00:00,polygon,0x6e56af5e2c22a47bde0910fcb1fc3894,0x4a6b5b9f87ca60bb152ac1f3580ac5d0,201.0,4.6521,USDT,transfer,confirmed,2024,1,1
0xa5bfc9e07964f8dddeb95fc584cd965d,18629497,2024-01-01 12:20:00,ethereum,0x45328bd57a567b16f587825936e9a66b,0x1adf154e3b52f29f974e32d78809ced3,502.18,9.614,MATIC,transfer,confirmed,2024,1,1
0xa5771bce93e200c36f7cd9dfd0e5deaa,18035902,2024-01-01 12:40:00,solana,0xb95d9f00a15a80ffdf404b709b560817,0x5cc2e6e2c15584aaa276c7d3f914781b,130.67,13.5139,ETH,transfer,confirmed,2024,1,1
0xd67d8ab4f4c10bf22aa353e27879133c,18140817,2024-01-01 13:00:00,ethereum,0x6946d3c06352c1ee3834c08de0828db9,0x338029789feb38559574d53e2ebf0677,170.34,9.0636,USDT,transfer,confirmed,2024,1,1
0xd645920e395fedad7bbbed0eca3fe2e0,18477257,2024-01-01 13:20:00,solana,0xf8966bcb690245f77d4099b149039143,0x508bda5f113244a58f1ce4ebce927e2d,788.01,5.3815,USDC,mint,confirmed,2024,1,1
0x3416a75f4cea9109507cacd8e2f2aefc,18963744,2024-01-01 13:40:00,bitcoin,0xabf4b21b695d1c74010795a60827c9f9,0x9127b9b843f0223c61cc2a0b3cc89c06,43.48,7.0401,USDC,swap,confirmed,2024,1,1
0xa1d0c6e83f027327d8461063f4ac58a6,18240917,2024-01-01 14:00:00,ethereum,0x7693a918d5cf7e46e3a875b20763ee06,0x0b3ef3e853df2b5f4e91a665dec3aa93,676.49,17.6839,USDT,stake,confirmed,2024,1,1
0x17e62166fc8586dfa4d1bc0e1742c08b,18694511,2024-01-01 14:20:00,solana,0xf322bd55c44f8ff7937b6dfe28791605,0x7c00a63dbf451c5661398ed094468e36,13287.81,7.2235,USDC,swap,confirmed,2024,1,1
0xf7177163c833dff4b38fc8d2872f1ec6,18979113,2024-01-01 14:40:00,bitcoin,0x7d81ee826eee4b11e0c782db8fa0b985,0xf1b418fc1c580fa5fd44bb11a4ed29a5,41.99,11.1552,BTC,swap,confirmed,2024,1,1
0x6c8349cc7260ae62e3b1396831a8398f,18609123,2024-01-01 15:00:00,polygon,0x60fd74be9f25ce3f63f5d1e395e2c38a,0x1d8018149a9e603dc9784462d87a3973,801.1,12.8464,BTC,transfer,confirmed,2024,1,1
0xd9d4f495e875a2e075a1a4a6e1b9770f,18375315,2024-01-01 15:20:00,ethereum,0x2fac021875daa4229d6e32e9a76f6cf0,0xdb7ef65d172eab9ea7f610b15e043e0e,105.01,1.7973,USDC,transfer,confirmed,2024,1,1
0x67c6a1e7ce56d3d6fa748ab6d9af3fd7,18254742,2024-01-01 15:40:00,solana,0xab14ff0147e07c255f77f30a14fa4ffe,0x811243af76a9cf5b3aeb4eec87e20492,284.4,4.2366,BTC,swap,confirmed,2024,1,1
0x642e92efb79421734881b53e1e1b18b6,18161690,2024-01-01 16:00:00,ethereum,0xa37b224953ee13a9e7f1c428577dbb5a,0xfb1eb265582bb9130fc0a57327f1d6ad,41.77,2.6227,ETH,transfer,confirmed,2024,1,1
0xf457c545a9ded88f18ecee47145a72c0,18905906,2024-01-01 16:20:00,solana,0xceba70a099317d3a7a53943e5a1ee14b,0xc7810b357384cf5c34037e22f4811b7c,10.07,13.3184,ETH,transfer,confirmed,2024,1,1
0xc0c7c76d30bd3dcaefc96f40275bdc0a,18260027,2024-01-01 16:40:00,ethereum,0xed70740c50b1d5930cabb34ee105ce89,0x8f6c8d2a69efc09c8a3acbde70efdbbf,49.93,18.2919,USDC,swap,confirmed,2024,1,1
0x2838023a778dfaecdc212708f721b788,18180997,2024-01-01 17:00:00,ethereum,0x407cdff8a8abc093b64398c8db47ed58,0xa0f2134c15080c2356b0c4d2b4802328,3116.6,4.1928,ETH,transfer,confirmed,2024,1,1
0x9a1158154dfa42caddbd0694a4e9bdc8,18912012,2024-01-01 17:20:00,bitcoin,0x974d78e98b9a3e694af8501a480e308a,0xcaa1757474d117251888f47066dc3d28,429.45,7.6848,USDT,swap,confirmed,2024,1,1
0xd82c8d1619ad8176d665453cfb2e55f0,18797024,2024-01-01 17:40:00,polygon,0x0d78b4e3d94bcb4c9237b747d990bb8b,0x031649b8c084b1dbb37cb2c30fe30553,282.26,18.3872,BTC,swap,confirmed,2024,1,1
0xa684eceee76fc522773286a895bc8436,18976636,2024-01-01 18:00:00,polygon,0x63a574030818f05d6b619ef253547580,0x52b39c3ad6cfb4dc378e308a77721f85,90.76,8.2219,BTC,stake,confirmed,2024,1,1
0xb53b3a3d6ab90ce0268229151c9bde11,18911285,2024-01-01 18:20:00,ethereum,0x0a553fe70d8c9045ea2116fea7c9ae30,0xf28d8674c8aa8e1ed33b353881daa283,1366.15,3.952,USDC,transfer,confirmed,2024,1,1
0x9f61408e3afb633e50cdf1b20de6f466,18333531,2024-01-01 18:40:00,ethereum,0xa785f8fb510fa8935cb925c11519b338,0xa0afd6926c1ff68e9938514a3e2b177b,555.75,16.3205,MATIC,stake,confirmed,2024,1,1
0x72b32a1f754ba1c09b3695e0cb6cde7f,18163073,2024-01-01 19:00:00,ethereum,0x7ab26df3e44573b38bb0adc3ecdef4b3,0x4fd74d73a5de3c3f1fa1a86330ccbc25,67.1,6.4484,USDT,swap,failed,2024,1,1
0x66f041e16a60928b05a7e228a89c3799,18550316,2024-01-01 19:20:00,ethereum,0x6a4f60ff5de9fb82d5a18db9e49eab39,0xbcc5ead125e2a4354b73a8f2836984c8,217.8,3.3661,MATIC,swap,confirmed,2024,1,1
0x093f65e080a295f8076b1c5722a46aa2,18402251,2024-01-01 19:40:00,polygon,0x2623a6c971bdf2b1e798b0aad971ed76,0x865844649c1b8699bedbdb5e537bec98,496.28,6.5861,ETH,stake,confirmed,2024,1,1
0x072b030ba126b2f4b2374f342be9ed44,18634994,2024-01-01 20:00:00,ethereum,0x82a0c64062411b4c029563f9f49bbf20,0x9db66c78dd0a5abeb04990b88af60b31,9.76,15.6617,BTC,transfer,confirmed,2024,1,1
0x7f39f8317fbdb1988ef4c628eba02591,18950283,2024-01-01 20:20:00,polygon,0x8e796056366d0970b6672a47482948b3,0xd4cd917fce40b8735872d7ead611e67e,52075.54,4.9836,MATIC,swap,confirmed,2024,1,1
0x44f683a84163b3523afe57c2e008bc8c,18011997,2024-01-01 20:40:00,ethereum,0x198e0fd8f9f926dbf9b839f60e760174,0x429fed7d5d3c50c3023c9b348bff1031,211.64,5.5771,ETH,transfer,confirmed,2024,1,1
0x03afdbd66e7929b125f8597834fa83a4,18775263,2024-01-01 21:00:00,ethereum,0xe78fbb03009e14d7f727f639b8359c3c,0x9c70210746f47e02c79b9975d452bc59,35.38,4.2942,USDT,transfer,confirmed,2024,1,1
0xea5d2f1c4608232e07d3aa3d998e5135,18350065,2024-01-01 21:20:00,bitcoin,0xa3f7c07b9c61617d70d7dd2b8d9959fc,0x88f350a60198bddc45af39f0645d9f21,434.19,7.0344,ETH,swap,confirmed,2024,1,1
0xfc490ca45c00b1249bbe3554a4fdf6fb,18881961,2024-01-01 21:40:00,polygon,0x276a5657c61b7fef10a83980497ec692,0xe92d0514fffc914b7f1161250a7f03f8,10171.35,17.9384,USDT,transfer,confirmed,2024,1,1
0x3295c76acbf4caaed33c36b1b5fc2cb1,18412795,2024-01-01 22:00:00,polygon,0x9bbeb0676910456e7794617b8df31ce7,0x989ba1783be923e7ad9bc90e52ecbbcf,180.06,1.7857,MATIC,mint,confirmed,2024,1,1
0x735b90b4568125ed6c3f678819b6e058,18887713,2024-01-01 22:20:00,bitcoin,0x3e372031b6c826c7d9c36ab5081d979f,0x676487ba4b7841a2521566cd1b6f5991,632.26,1.9789,ETH,transfer,failed,2024,1,1
0xa3f390d88e4c41f2747bfa2f1b5f87db,18741644,2024-01-01 22:40:00,ethereum,0x82bae3d2e3a49830d7264296bfd301cd,0x672c52737a34664e883db019c514db5a,2.86,12.0551,USDT,transfer,confirmed,2024,1,1
0x14bfa6bb14875e45bba028a21ed38046,18998477,2024-01-01 23:00:00,bitcoin,0xbc40b25c4dcfbad21b4852a8e442f47d,0x51e847f84241ace98ffe6b16e83a30ce,51.7,14.8226,ETH,stake,confirmed,2024,1,1
0x7cbbc409ec990f19c78c75bd1e06f215,18107980,2024-01-01 23:20:00,solana,0x4ec5af103012e9466c389fa9db916c71,0xb5dbedee126b007d4bb858c94afa0b17,3.66,5.9605,USDT,transfer,confirmed,2024,1,1
0xe2c420d928d4bf8ce0ff2ec19b371514,18284131,2024-01-01 23:40:00,polygon,0x3b62885a8329e926446da5fa0a759599,0x9c3a1ecdeeb008ebd5df9d1d71d27759,4123.34,3.8223,BTC,transfer,confirmed,2024,1,1
0x32bb90e8976aab5298d5da10fe66f21d,18279640,2024-01-02 00:00:00,bitcoin,0x65c63f647a399ae6bb2bf799b2ecf48b,0x2ab55e984e1b4b7ea4dfe7b598a49e27,88.35,5.2681,USDT,transfer,confirmed,2024,1,2
0xd2ddea18f00665ce8623e36bd4e3c7c5,18718312,2024-01-02 00:20:00,polygon,0x7ecec77a23ac7ff2552b2fcf89f3efdc,0x0c852db4fa04af7597657ec5ca11f895,14.5,8.0227,USDC,transfer,confirmed,2024,1,2
0xad61ab143223efbc24c7d2583be69251,18529865,2024-01-02 00:40:00,bitcoin,0x12c89376239501fb59282fb5edb68883,0xce4f95bc7ab40a743a38a827a3bd0dbb,316.51,3.0417,ETH,transfer,confirmed,2024,1,2
0xd09bf41544a3365a46c9077ebb5e35c3,18410226,2024-01-02 01:00:00,polygon,0x3f9c090ed0188686b38dc2f4be0dab64,0x908af81148ca437396707545774ba89c,209.26,5.5535,MATIC,mint,confirmed,2024,1,2
0xfbd7939d674997cdb4692d34de8633c4,18335353,2024-01-02 01:20:00,ethereum,0x429b7f96c59e29cb51166715a8ad5f57,0xf0a1f339b8d7c0caaf9f05bcaf445df2,988.11,5.9792,ETH,swap,confirmed,2024,1,2
0x28dd2c7955ce926456240b2ff0100bde,18045032,2024-01-02 01:40:00,bitcoin,0x6911a93dbfb1a647686c2ba2ca2c70e2,0x2c37b31984da25d83509b76b409389ea,458.31,16.4793,MATIC,transfer,confirmed,2024,1,2
0x35f4a8d465e6e1edc05f3d8ab658c551,18453387,2024-01-02 02:00:00,polygon,0x9d5b4c43ed6b1f04f43602ae26def12e,0xa9f2585ee4ad489271ea85b0a5597054,1157.2,14.8099,ETH,stake,confirmed,2024,1,2
0xd1fe173d08e959397adf34b1d77e88d7,18939008,2024-01-02 02:20:00,ethereum,0xdf90ca6680bc1fee5f597e68e2bdf8f1,0x4bd72fc70683cb5128aca04d75e928fa,44.12,10.2176,ETH,swap,confirmed,2024,1,2
0xf033ab37c30201f73f142449d037028d,18291479,2024-01-02 02:40:00,polygon,0x7abc639eac9341d874a38cfaa31fdd5d,0xcd5552335c77b6a98dfa02bd48aef65e,34.24,3.6591,USDT,stake,confirmed,2024,1,2
0x43ec517d68b6edd3015b3edc9a11367b,18025021,2024-01-02 03:00:00,polygon,0x9655f83cc2e491a9ec86408f0b29707f,0x89c3d182334cf50f22c815254b365715,64.9,5.6613,BTC,transfer,confirmed,2024,1,2
0x9778d5d219c5080b9a6a17bef029331c,18822795,2024-01-02 03:20:00,solana,0x3d2bdd7127d5b13d05db0eb63c54153c,0xe0a30de2e991c0b061960bd8107238d4,9079.13,2.214,USDC,transfer,confirmed,2024,1,2
0xfe9fc289c3ff0af142b6d3bead98a923,18519907,2024-01-02 03:40:00,polygon,0x66a7b361e0dfccab8c8146a49781a7a1,0xaecd461a32696ac5e707e09db6f36ee7,63.21,1.0374,USDT,burn,confirmed,2024,1,2
0x68d30a9594728bc39aa24be94b319d21,18528498,2024-01-02 04:00:00,polygon,0x6e534aee15dd957db5509154f74fbb62,0xb726f03f821d95776c7d20a4bced0d8f,5255.84,6.9322,USDT,transfer,confirmed,2024,1,2
0x3ef815416f775098fe977004015c6193,18867824,2024-01-02 04:20:00,bitcoin,0x7afaca50ca74f431d757c79b90873448,0xecf88bbf1c07c4603f5a1cbd30bd7362,27021.98,3.6771,USDT,transfer,confirmed,2024,1,2
0x93db85ed909c13838ff95ccfa94cebd9,18635302,2024-01-02 04:40:00,polygon,0x5a44fe3651bec157f3cf646e9a71b78f,0x51b063be7fd0380bb41c2c66f1ec5e77,286.31,1.8164,BTC,swap,confirmed,2024,1,2
0xc7e1249ffc03eb9ded908c236bd1996d,18819581,2024-01-02 05:00:00,solana,0xb1826747cd38457c483eaa7f144e766e,0xe8a60d1ba8a8e045bc834248f64c319d,1.76,4.8526,BTC,stake,confirmed,2024,1,2
0x2a38a4a9316c49e5a833517c45d31070,18800752,2024-01-02 05:20:00,ethereum,0x468df68dcecda0299e6da726968a3dba,0xc08840ab5a93287611b116e9271bd4c5,27.21,7.1501,ETH,transfer,confirmed,2024,1,2
0x7647966b7343c29048673252e490f736,18050626,2024-01-02 05:40:00,solana,0x7a9e23e20d7b107df43362f5fdad6574,0x8943bfce139854c7d9819d9c112d4d67,1.89,1.9615,ETH,transfer,confirmed,2024,1,2
0x8613985ec49eb8f757ae6439e879bb2a,18745962,2024-01-02 06:00:00,ethereum,0x3c34433f7618b5e90d81919c96c03cff,0xb59ea3944c72fde0519d6a943b3d720f,371.43,2.7618,ETH,swap,confirmed,2024,1,2
0x54229abfcfa5649e7003b83dd4755294,18033875,2024-01-02 06:20:00,ethereum,0xd2c3d7d9cf93bc76809e42c8af6d7a67,0x8a5c3a15843c97fe7bfb6f1b63248b90,111.42,2.9775,MATIC,transfer,confirmed,2024,1,2
0x92cc227532d17e56e07902b254dfad10,18752274,2024-01-02 06:40:00,ethereum,0xce9c629623d9c2ef3e724b7b656a7a76,0x463f2dd2db72842511fec69128e48489,67.94,6.6478,USDT,stake,confirmed,2024,1,2
0x98dce83da57b0395e163467c9dae521b,18208956,2024-01-02 07:00:00,bitcoin,0x7e49671bbdf7196c59db8f1b8c973e4b,0x65eb4e91005f624dc72df7f5e210ea44,348.81,4.9268,USDT,swap,confirmed,2024,1,2
0xf4b9ec30ad9f68f89b29639786cb62ef,18266344,2024-01-02 07:20:00,bitcoin,0x44e4771dc964fe9cbee316c7a3b2f196,0x14613499cfb1166ebfa34a90c791cc6f,597.4,4.1024,BTC,transfer,confirmed,2024,1,2
0x812b4ba287f5ee0bc9d43bbf5bbe87fb,18586362,2024-01-02 07:40:00,bitcoin,0xdc6dd08dd9a835dab3f17eaa7f413d2e,0x2aa0efb7c0a85ab8b024cd3e89d15a57,167.45,4.5692,USDT,transfer,confirmed,2024,1,2
0x26657d5ff9020d2abefe558796b99584,18560547,2024-01-02 08:00:00,bitcoin,0x45ff989eb2826b41ffe5b67539610d3d,0xb1c9ad10ae33d24178d39a26a9069529,6.58,17.8311,USDT,swap,confirmed,2024,1,2
0xe2ef524fbf3d9fe611d5a8e90fefdc9c,18494189,2024-01-02 08:20:00,ethereum,0x462448dda93ff83b4c535d312baf33d7,0x7b248239c53a768f0bf0ad594379a146,449.69,8.954,ETH,swap,confirmed,2024,1,2
0xed3d2c21991e3bef5e069713af9fa6ca,18585909,2024-01-02 08:40:00,solana,0x121f7c48298a4b87337defef069924d5,0xc743bf528ad147cef758c662683a4196,10.17,5.8496,USDC,transfer,confirmed,2024,1,2
0xac627ab1ccbdb62ec96e702f07f6425b,18770077,2024-01-02 09:00:00,bitcoin,0xedfafc948d914f469a5306dc1a4492ea,0xa093294c86a2099775e5807087abf76a,789.31,2.9219,USDT,transfer,confirmed,2024,1,2
0xf899139df5e1059396431415e770c6dd,18636565,2024-01-02 09:20:00,ethereum,0x5793700343a62eb759b41f2003632cfd,0x4bad5ce6d830e02c342a9f04c1030e88,349.19,5.415,ETH,swap,confirmed,2024,1,2
0x38b3eff8baf56627478ec76a704e9b52,18913001,2024-01-02 09:40:00,ethereum,0xeee0aab16da98010e9ab145300fd0650,0xc4a255478094f7eec53cdf116bf5147b,371.05,3.8012,ETH,mint,confirmed,2024,1,2
0xec8956637a99787bd197eacd77acce5e,18575596,2024-01-02 10:00:00,polygon,0x6423c2b12ffefa3268a6ea0959d1e46e,0x16205a6358472ac816fae3ef50573616,1594.52,10.984,BTC,stake,confirmed,2024,1,2
0x6974ce5ac660610b44d9b9fed0ff9548,18391908,2024-01-02 10:20:00,ethereum,0xac8bd8e5b84c18be6dec7ed7d2b8af3b,0xa7561dfa8606c67a28c2c00f4cdda74d,516.88,77.9443,USDC,mint,confirmed,2024,1,2
0xc9e1074f5b3f9fc8ea15d152add07294,18203681,2024-01-02 10:40:00,bitcoin,0x6ec4fcf329f1071fb16b48feb03da0e8,0x7a8f9a757052045d48c8c6524a1dd4bb,56.57,1.6462,BTC,swap,confirmed,2024,1,2
0x65b9eea6e1cc6bb9f0cd2a47751a186f,18739373,2024-01-02 11:00:00,solana,0x0a87b89484bc3a8fe47faeac616a6522,0x0bb77b92f115a4c42f990629f50d32d8,43.28,4.412,MATIC,swap,confirmed,2024,1,2
0xf0935e4cd5920aa6c7c996a5ee53a70f,18035165,2024-01-02 11:20:00,bitcoin,0x39c08709b132f1bd71746399ba26bd82,0xcc259a5f4e53ce58293fe2e724649f0a,39.31,7.2276,ETH,transfer,confirmed,2024,1,2
0xa97da629b098b75c294dffdc3e463904,18208319,2024-01-02 11:40:00,bitcoin,0xf7dc4be90d41709f7532e72c7add4a5a,0x0d92cb318fefb97d51a95b40d31f0b1b,84.6,4.0907,ETH,transfer,confirmed,2024,1,2
0xa3c65c2974270fd093ee8a9bf8ae7d0b,18801214,2024-01-02 12:00:00,ethereum,0x286ba612fb135f649f0799eec367baa7,0x6e50aa04a991e615cad0cb9f70c5fed9,358.93,3.2673,ETH,swap,confirmed,2024,1,2
0x2723d092b63885e0d7c260cc007e8b9d,18110111,2024-01-02 12:20:00,polygon,0xe6eff24a51ff842e489234ef8e73ecca,0xf9d1004f15261856c5fc95ec480febf6,1500.44,7.8662,ETH,mint,confirmed,2024,1,2
0x5f93f983524def3dca464469d2cf9f3e,18446027,2024-01-02 12:40:00,polygon,0xec597c2b244b1883b3a45e6946accdf4,0x8b4430e4eb7fbd1a5ed62fff2ae41731,2391.4,11.9686,ETH,swap,confirmed,2024,1,2
0x698d51a19d8a121ce581499d7b701668,18812894,2024-01-02 13:00:00,bitcoin,0x7395a40c2362452913eaa4229613870f,0x668c08fa082912516df337acdce885b6,1308.85,4.8864,USDT,stake,confirmed,2024,1,2
0x7f6ffaa6bb0b408017b62254211691b5,18504587,2024-01-02 13:20:00,bitcoin,0x4ad46be569763c9f1720414e7814a9ed,0xcfc554255d483e8d2e67dc39058812eb,371.0,7.662,ETH,transfer,confirmed,2024,1,2
0x73278a4a86960eeb576a8fd4c9ec6997,18199404,2024-01-02 13:40:00,polygon,0xc9395d77dced2d02b85c5f63b54bb9a8,0xf92ca8882ce1f297302dfbed4ecccce4,234.82,5.577,BTC,stake,confirmed,2024,1,2
0x5fd0b37cd7dbbb00f97ba6ce92bf5add,18113508,2024-01-02 14:00:00,polygon,0x7697b10474c0f8200f63f7a94f443762,0xec8bdfcedc8db1ad50c2809895752feb,84.52,42.1781,USDT,transfer,confirmed,2024,1,2
0x2b44928ae11fb9384c4cf38708677c48,18913449,2024-01-02 14:20:00,polygon,0x4be93e1593242bd5cd9c92380954055e,0xc70b9dcaf43acdb7ca50b866b71d8795,23.81,5.4114,BTC,mint,confirmed,2024,1,2
0xc45147dee729311ef5b5c3003946c48f,18966487,2024-01-02 14:40:00,solana,0x6e56af5e2c22a47bde0910fcb1fc3894,0x847a20b2a409bbfca3f0a51309012614,425.29,9.0232,MATIC,transfer,confirmed,2024,1,2
0xeb160de1de89d9058fcb0b968dbbbd68,18571062,2024-01-02 15:00:00,ethereum,0x45328bd57a567b16f587825936e9a66b,0x3e58d6a5b63d73b4f51e08517c6cb136,57.35,2.668,ETH,transfer,confirmed,2024,1,2
0x5ef059938ba799aaa845e1c2e8a762bd,18360414,2024-01-02 15:20:00,ethereum,0xb95d9f00a15a80ffdf404b709b560817,0x93cf1ce0d45dd4dc30de08f7d7d7c4fc,46.98,6.1674,USDT,transfer,confirmed,2024,1,2
0x07e1cd7dca89a1678042477183b7ac3f,18902971,2024-01-02 15:40:00,bitcoin,0x6946d3c06352c1ee3834c08de0828db9,0xd4cd815febe38f897487631393bf764e,143.38,2.2623,ETH,transfer,confirmed,2024,1,2
0xda4fb5c6e93e74d3df8527599fa62642,18511835,2024-01-02 16:00:00,bitcoin,0xf8966bcb690245f77d4099b149039143,0x36dd49488ea744e26a2209907207ca73,292.06,6.4609,ETH,stake,confirmed,2024,1,2
0x4c56ff4ce4aaf9573aa5dff913df997a,18624869,2024-01-02 16:20:00,ethereum,0xabf4b21b695d1c74010795a60827c9f9,0x25c33903b16c17181fff969dee441fe2,148.97,4.8995,USDT,transfer,confirmed,2024,1,2
0xa0a080f42e6f13b3a2df133f073095dd,18629271,2024-01-02 16:40:00,bitcoin,0x7693a918d5cf7e46e3a875b20763ee06,0xf81bc33bca062e4a5c55dcef16f78ebc,3.15,9.2817,ETH,stake,confirmed,2024,1,2
0x202cb962ac59075b964b07152d234b70,18276778,2024-01-02 17:00:00,bitcoin,0xf322bd55c44f8ff7937b6dfe28791605,0x96a3f27d70f5614b8a3b17257f781a2e,6.1,2.6577,BTC,mint,confirmed,2024,1,2
0xc8ffe9a587b126f152ed3d89a146b445,18285019,2024-01-02 17:20:00,ethereum,0x7d81ee826eee4b11e0c782db8fa0b985,0x81544975cc160ddf4ca4e864c4973b90,312.97,4.6571,MATIC,swap,confirmed,2024,1,2
0x3def184ad8f4755ff269862ea77393dd,18413861,2024-01-02 17:40:00,polygon,0x60fd74be9f25ce3f63f5d1e395e2c38a,0xd18c4cb23a10d14f636ab755cb9ed1a5,203.46,8.4713,BTC,transfer,confirmed,2024,1,2
0x069059b7ef840f0c74a814ec9237b6ec,18156832,2024-01-02 18:00:00,polygon,0x2fac021875daa4229d6e32e9a76f6cf0,0x5860ae442ba1734ea2152a48df27c73d,110.54,8.9084,ETH,transfer,confirmed,2024,1,2
0xec5decca5ed3d6b8079e2e7e7bacc9f2,18420739,2024-01-02 18:20:00,ethereum,0xab14ff0147e07c255f77f30a14fa4ffe,0x42058014ba333a403deee0b2e5d8b4bd,2168.43,2.4745,USDT,swap,confirmed,2024,1,2
0x76dc611d6ebaafc66cc0879c71b5db5c,18490887,2024-01-02 18:40:00,bitcoin,0xa37b224953ee13a9e7f1c428577dbb5a,0x8271ebe3719920096e171eb057f38df0,232.12,8.9911,USDC,stake,confirmed,2024,1,2
0xd1f491a404d6854880943e5c3cd9ca25,18954652,2024-01-02 19:00:00,polygon,0xceba70a099317d3a7a53943e5a1ee14b,0x80f977a8bdc0e884c2ffe5eee6052fe9,2.93,2.0074,USDT,swap,confirmed,2024,1,2
0x9b8619251a19057cff70779273e95aa6,18680877,2024-01-02 19:20:00,ethereum,0xed70740c50b1d5930cabb34ee105ce89,0x621c4b5daa1ad37a7c63a07c50c009ed,17.62,9.679,BTC,swap,confirmed,2024,1,2
0x1afa34a7f984eeabdbb0a7d494132ee5,18002235,2024-01-02 19:40:00,ethereum,0x407cdff8a8abc093b64398c8db47ed58,0x02f3b5c7a0ba589590f72c93a811095b,3410.38,1.6635,ETH,swap,pending,2024,1,2
0x65ded5353c5ee48d0b7d48c591b8f430,18502761,2024-01-02 20:00:00,polygon,0x974d78e98b9a3e694af8501a480e308a,0xe4e56a6d1c3554690c9df3e0f6682eff,456.13,4.3098,USDT,swap,failed,2024,1,2
0x9fc3d7152ba9336a670e36d0ed79bc43,18929093,2024-01-02 20:20:00,ethereum,0x0d78b4e3d94bcb4c9237b747d990bb8b,0x670548f36d5d97f96d6aa344bfed1e1a,75.32,3.1352,ETH,transfer,confirmed,2024,1,2
0x02522a2b2726fb0a03bb19f2d8d9524d,18191405,2024-01-02 20:40:00,ethereum,0x63a574030818f05d6b619ef253547580,0x362bf804f2d863b41c9db7ac977ea998,2965.07,0.9161,MATIC,swap,confirmed,2024,1,2
0x7f1de29e6da19d22b51c68001e7e0e54,18675239,2024-01-02 21:00:00,ethereum,0x0a553fe70d8c9045ea2116fea7c9ae30,0x8ff321ae19667fdf5a270d61de3e8284,2499.02,35.089,MATIC,transfer,confirmed,2024,1,2
0x42a0e188f5033bc65bf8d78622277c4e,18226103,2024-01-02 21:20:00,bitcoin,0xa785f8fb510fa8935cb925c11519b338,0x95fed106b5dbb96d08961e7e1ce8189c,1289.99,2.6062,ETH,swap,confirmed,2024,1,2
0x3988c7f88ebcb58c6ce932b957b6f332,18405688,2024-01-02 21:40:00,solana,0x7ab26df3e44573b38bb0adc3ecdef4b3,0x183326747f177d5985a004afd7552c08,240.85,11.0676,MATIC,swap,confirmed,2024,1,2
0x013d407166ec4fa56eb1e1f8cbe183b9,18007544,2024-01-02 22:00:00,bitcoin,0x6a4f60ff5de9fb82d5a18db9e49eab39,0x74f91f6fc3421bb1c3edce0176956bf4,442.59,10.9779,BTC,swap,confirmed,2024,1,2
0xe00da03b685a0dd18fb6a08af0923de0,18363184,2024-01-02 22:20:00,polygon,0x2623a6c971bdf2b1e798b0aad971ed76,0xcf1ff989de77c963d8ecc1716c357b22,5192.39,0.8514,USDC,swap,confirmed,2024,1,2
0x1385974ed5904a438616ff7bdb3f7439,18064546,2024-01-02 22:40:00,polygon,0x82a0c64062411b4c029563f9f49bbf20,0x3f9aa03dab5591c8ded5b7fee14a9c6f,230.47,1.3229,ETH,transfer,confirmed,2024,1,2
0x0f28b5d49b3020afeecd95b4009adf4c,18223587,2024-01-02 23:00:00,bitcoin,0x8e796056366d0970b6672a47482948b3,0x11af88e28351f91c6c2eff903bea6bda,155.47,1.9617,BTC,transfer,failed,2024,1,2
0xa8baa56554f96369ab93e4f3bb068c22,18663092,2024-01-02 23:20:00,ethereum,0x198e0fd8f9f926dbf9b839f60e760174,0xe353bd0e6e877a4e76c6489f0902b949,17489.43,3.0526,BTC,swap,confirmed,2024,1,2
0x903ce9225fca3e988c2af215d4e544d3,18415392,2024-01-02 23:40:00,ethereum,0xe78fbb03009e14d7f727f639b8359c3c,0x07dc8fb64e6b30879591ead540311c0c,2.94,8.4667,USDT,transfer,confirmed,2024,1,2
0x0a09c8844ba8f0936c20bd791130d6b6,18612072,2024-01-03 00:00:00,polygon,0xa3f7c07b9c61617d70d7dd2b8d9959fc,0x6d7826bc4047215c93a79328e9405eb3,3850.95,4.8512,ETH,transfer,confirmed,2024,1,3
0x2b24d495052a8ce66358eb576b8912c8,18863003,2024-01-03 00:20:00,polygon,0x276a5657c61b7fef10a83980497ec692,0xfffa4fac6116f20d8905ed8bb6aa7869,274.44,2.3958,USDT,transfer,confirmed,2024,1,3
0xa5e00132373a7031000fd987a3c9f87b,18580928,2024-01-03 00:40:00,bitcoin,0x9bbeb0676910456e7794617b8df31ce7,0x4e47b78eb10721635b8d7ac3ad983cdd,276.1,1.0051,ETH,transfer,confirmed,2024,1,3
0x8d5e957f297893487bd98fa830fa6413,18818766,2024-01-03 01:00:00,bitcoin,0x3e372031b6c826c7d9c36ab5081d979f,0xe8118364a0fe91a4277a0006d551a7fc,83.64,3.076,USDT,swap,confirmed,2024,1,3
0x47d1e990583c9c67424d369f3414728e,18181609,2024-01-03 01:20:00,bitcoin,0x82bae3d2e3a49830d7264296bfd301cd,0xf8187ecc361b8a31bed7819848b8607e,2719.32,4.0744,USDT,swap,confirmed,2024,1,3
0xf2217062e9a397a1dca429e7d70bc6ca,18666938,2024-01-03 01:40:00,bitcoin,0xbc40b25c4dcfbad21b4852a8e442f47d,0xe8b235527f47295df46e781301a8b2f1,13.6,3.5588,USDC,transfer,confirmed,2024,1,3
0x7ef605fc8dba5425d6965fbd4c8fbe1f,18248736,2024-01-03 02:00:00,polygon,0x4ec5af103012e9466c389fa9db916c71,0xb0629c40ad796c53f1c914700ba34054,4112.42,3.4853,BTC,mint,failed,2024,1,3
0xa8f15eda80c50adb0e71943adc8015cf,18800120,2024-01-03 02:20:00,bitcoin,0x3b62885a8329e926446da5fa0a759599,0x5c38476a6ecc93f8bb68bde4c4b59fc3,90.68,3.251,ETH,stake,confirmed,2024,1,3
0x37a749d808e46495a8da1e5352d03cae,18541412,2024-01-03 02:40:00,polygon,0x65c63f647a399ae6bb2bf799b2ecf48b,0x49e2453a4d7f1a94e6d0edfccb0e2e66,2606.69,1.7413,BTC,mint,confirmed,2024,1,3
0xb3e3e393c77e35a4a3f3cbd1e429b5dc,18637403,2024-01-03 03:00:00,ethereum,0x7ecec77a23ac7ff2552b2fcf89f3efdc,0xef1e9bd607e0693fb4e3850d200a3650,277.71,5.0567,ETH,transfer,confirmed,2024,1,3
0x1d7f7abc18fcb43975065399b0d1e48e,18599697,2024-01-03 03:20:00,ethereum,0x12c89376239501fb59282fb5edb68883,0x615d92d57a77bab3a9cc26cd857f163c,127.64,12.0377,MATIC,swap,confirmed,2024,1,3
0x2a79ea27c279e471f4d180b08d62b00a,18196621,2024-01-03 03:40:00,ethereum,0x3f9c090ed0188686b38dc2f4be0dab64,0xa9d7d171e2c8c1fcec1b0e339537f788,9745.61,1.9648,MATIC,mint,confirmed,2024,1,3
0x1c9ac0159c94d8d0cbedc973445af2da,18870640,2024-01-03 04:00:00,polygon,0x429b7f96c59e29cb51166715a8ad5f57,0x4a6b5b9f87ca60bb152ac1f3580ac5d0,16.54,1.9098,USDT,burn,confirmed,2024,1,3
0x6c4b761a28b734fe93831e3fb400ce87,18066073,2024-01-03 04:20:00,bitcoin,0x6911a93dbfb1a647686c2ba2ca2c70e2,0x1adf154e3b52f29f974e32d78809ced3,86.34,6.6379,USDC,stake,confirmed,2024,1,3
0x06409663226af2f3114485aa4e0a23b4,18621426,2024-01-03 04:40:00,polygon,0x9d5b4c43ed6b1f04f43602ae26def12e,0x5cc2e6e2c15584aaa276c7d3f914781b,110.47,5.9384,ETH,stake,confirmed,2024,1,3
0x140f6969d5213fd0ece03148e62e461e,18683402,2024-01-03 05:00:00,ethereum,0xdf90ca6680bc1fee5f597e68e2bdf8f1,0x338029789feb38559574d53e2ebf0677,297.9,10.2374,ETH,swap,confirmed,2024,1,3
0xb73ce398c39f506af761d2277d853a92,18821407,2024-01-03 05:20:00,solana,0x7abc639eac9341d874a38cfaa31fdd5d,0x508bda5f113244a58f1ce4ebce927e2d,159.82,3.0538,ETH,swap,confirmed,2024,1,3
0xbd4c9ab730f5513206b999ec0d90d1fb,18306074,2024-01-03 05:40:00,polygon,0x9655f83cc2e491a9ec86408f0b29707f,0x9127b9b843f0223c61cc2a0b3cc89c06,1207.63,4.4247,ETH,transfer,confirmed,2024,1,3
0x82aa4b0af34c2313a562076992e50aa3,18723447,2024-01-03 06:00:00,solana,0x3d2bdd7127d5b13d05db0eb63c54153c,0x0b3ef3e853df2b5f4e91a665dec3aa93,78.79,11.3943,USDC,swap,confirmed,2024,1,3
0x0777d5c17d4066b82ab86dff8a46af6f,18474646,2024-01-03 06:20:00,ethereum,0x66a7b361e0dfccab8c8146a49781a7a1,0x7c00a63dbf451c5661398ed094468e36,340.1,11.7781,ETH,transfer,confirmed,2024,1,3
0xfa7cdfad1a5aaf8370ebeda47a1ff1c3,18367242,2024-01-03 06:40:00,ethereum,0x6e534aee15dd957db5509154f74fbb62,0xf1b418fc1c580fa5fd44bb11a4ed29a5,28.8,4.4231,USDT,stake,confirmed,2024,1,3
0x9766527f2b5d3e95d4a733fcfb77bd7e,18017004,2024-01-03 07:00:00,bitcoin,0x7afaca50ca74f431d757c79b90873448,0x1d8018149a9e603dc9784462d87a3973,2208.2,24.1111,ETH,mint,confirmed,2024,1,3
0x7e7757b1e12abcb736ab9a754ffb617a,18048481,2024-01-03 07:20:00,bitcoin,0x5a44fe3651bec157f3cf646e9a71b78f,0xdb7ef65d172eab9ea7f610b15e043e0e,182.2,18.8031,MATIC,transfer,confirmed,2024,1,3
0x5878a7ab84fb43402106c575658472fa,18181108,2024-01-03 07:40:00,polygon,0xb1826747cd38457c483eaa7f144e766e,0x811243af76a9cf5b3aeb4eec87e20492,1112.48,4.2586,BTC,transfer,confirmed,2024,1,3
0x006f52e9102a8d3be2fe5614f42ba989,18626930,2024-01-03 08:00:00,ethereum,0x468df68dcecda0299e6da726968a3dba,0xfb1eb265582bb9130fc0a57327f1d6ad,602.75,0.6744,BTC,transfer,confirmed,2024,1,3
0x3636638817772e42b59d74cff571fbb3,18846886,2024-01-03 08:20:00,polygon,0x7a9e23e20d7b107df43362f5fdad6574,0xc7810b357384cf5c34037e22f4811b7c,67.23,7.1978,USDT,transfer,confirmed,2024,1,3
0x149e9677a5989fd342ae44213df68868,18021240,2024-01-03 08:40:00,polygon,0x3c34433f7618b5e90d81919c96c03cff,0x8f6c8d2a69efc09c8a3acbde70efdbbf,30.14,5.3175,BTC,mint,confirmed,2024,1,3
0xa4a042cf4fd6bfb47701cbc8a1653ada,18480658,2024-01-03 09:00:00,solana,0xd2c3d7d9cf93bc76809e42c8af6d7a67,0xa0f2134c15080c2356b0c4d2b4802328,67.27,7.0879,USDT,swap,failed,2024,1,3
0x1ff8a7b5dc7a7d1f0ed65aaa29c04b1e,18305741,2024-01-03 09:20:00,ethereum,0xce9c629623d9c2ef3e724b7b656a7a76,0xcaa1757474d117251888f47066dc3d28,290.72,3.379,USDC,swap,confirmed,2024,1,3
0xf7e6c85504ce6e82442c770f7c8606f0,18286427,2024-01-03 09:40:00,polygon,0x7e49671bbdf7196c59db8f1b8c973e4b,0x031649b8c084b1dbb37cb2c30fe30553,338.22,39.5011,ETH,transfer,confirmed,2024,1,3
0xbf8229696f7a3bb4700cfddef19fa23f,18481469,2024-01-03 10:00:00,polygon,0x44e4771dc964fe9cbee316c7a3b2f196,0x52b39c3ad6cfb4dc378e308a77721f85,1147.52,4.1526,MATIC,transfer,confirmed,2024,1,3
0x82161242827b703e6acf9c726942a1e4,18836862,2024-01-03 10:20:00,bitcoin,0xdc6dd08dd9a835dab3f17eaa7f413d2e,0xf28d8674c8aa8e1ed33b353881daa283,454.51,2.4719,MATIC,swap,confirmed,2024,1,3
0x38af86134b65d0f10fe33d30dd76442e,18078978,2024-01-03 10:40:00,ethereum,0x45ff989eb2826b41ffe5b67539610d3d,0xa0afd6926c1ff68e9938514a3e2b177b,562.04,12.0424,BTC,swap,confirmed,2024,1,3
0x96da2f590cd7246bbde0051047b0d6f7,18220199,2024-01-03 11:00:00,ethereum,0x462448dda93ff83b4c535d312baf33d7,0x4fd74d73a5de3c3f1fa1a86330ccbc25,269.75,1.6783,ETH,transfer,confirmed,2024,1,3
0x8f85517967795eeef66c225f7883bdcb,18087778,2024-01-03 11:20:00,solana,0x121f7c48298a4b87337defef069924d5,0xbcc5ead125e2a4354b73a8f2836984c8,339.72,10.0243,USDT,stake,confirmed,2024,1,3
0x8f53295a73878494e9bc8dd6c3c7104f,18528003,2024-01-03 11:40:00,solana,0xedfafc948d914f469a5306dc1a4492ea,0x865844649c1b8699bedbdb5e537bec98,33.77,14.9843,BTC,swap,confirmed,2024,1,3
0x045117b0e0a11a242b9765e79cbf113f,18077391,2024-01-03 12:00:00,polygon,0x5793700343a62eb759b41f2003632cfd,0x9db66c78dd0a5abeb04990b88af60b31,1343.97,1.4528,USDT,transfer,confirmed,2024,1,3
0xfc221309746013ac554571fbd180e1c8,18679167,2024-01-03 12:20:00,polygon,0xeee0aab16da98010e9ab145300fd0650,0xd4cd917fce40b8735872d7ead611e67e,1518.44,11.412,USDT,transfer,confirmed,2024,1,3
0x4c5bde74a8f110656874902f07378009,18584798,2024-01-03 12:40:00,solana,0x6423c2b12ffefa3268a6ea0959d1e46e,0x429fed7d5d3c50c3023c9b348bff1031,81.57,5.2916,USDC,swap,confirmed,2024,1,3
0xcedebb6e872f539bef8c3f919874e9d7,18979101,2024-01-03 13:00:00,ethereum,0xac8bd8e5b84c18be6dec7ed7d2b8af3b,0x9c70210746f47e02c79b9975d452bc59,6.69,13.3501,ETH,swap,confirmed,2024,1,3
0x6cdd60ea0045eb7a6ec44c54d29ed402,18165706,2024-01-03 13:20:00,ethereum,0x6ec4fcf329f1071fb16b48feb03da0e8,0x88f350a60198bddc45af39f0645d9f21,1413.63,9.9823,BTC,transfer,confirmed,2024,1,3
0xeecca5b6365d9607ee5a9d336962c534,18751138,2024-01-03 13:40:00,ethereum,0x0a87b89484bc3a8fe47faeac616a6522,0xe92d0514fffc914b7f1161250a7f03f8,997.86,2.172,BTC,burn,confirmed,2024,1,3
0x9872ed9fc22fc182d371c3e9ed316094,18967898,2024-01-03 14:00:00,bitcoin,0x39c08709b132f1bd71746399ba26bd82,0x989ba1783be923e7ad9bc90e52ecbbcf,14.44,25.3146,BTC,stake,confirmed,2024,1,3
0x31fefc0e570cb3860f2a6d4b38c6490d,18078790,2024-01-03 14:20:00,solana,0xf7dc4be90d41709f7532e72c7add4a5a,0x676487ba4b7841a2521566cd1b6f5991,268.47,0.6245,ETH,swap,confirmed,2024,1,3
0x9dcb88e0137649590b755372b040afad,18426401,2024-01-03 14:40:00,bitcoin,0x286ba612fb135f649f0799eec367baa7,0x672c52737a34664e883db019c514db5a,502.72,3.14,MATIC,transfer,confirmed,2024,1,3
0xa2557a7b2e94197ff767970b67041697,18900235,2024-01-03 15:00:00,polygon,0xe6eff24a51ff842e489234ef8e73ecca,0x51e847f84241ace98ffe6b16e83a30ce,483.69,3.905,USDT,burn,confirmed,2024,1,3
0xcfecdb276f634854f3ef915e2e980c31,18077662,2024-01-03 15:20:00,polygon,0xec597c2b244b1883b3a45e6946accdf4,0xb5dbedee126b007d4bb858c94afa0b17,4039.21,13.6346,USDC,transfer,confirmed,2024,1,3
0x0aa1883c6411f7873cb83dacb17b0afc,18077758,2024-01-03 15:40:00,ethereum,0x7395a40c2362452913eaa4229613870f,0x9c3a1ecdeeb008ebd5df9d1d71d27759,89.46,1.5488,USDT,transfer,confirmed,2024,1,3
0x58a2fc6ed39fd083f55d4182bf88826d,18857926,2024-01-03 16:00:00,bitcoin,0x4ad46be569763c9f1720414e7814a9ed,0x2ab55e984e1b4b7ea4dfe7b598a49e27,874.73,2.3857,ETH,transfer,confirmed,2024,1,3
0xbd686fd640be98efaae0091fa301e613,18208527,2024-01-03 16:20:00,ethereum,0xc9395d77dced2d02b85c5f63b54bb9a8,0x0c852db4fa04af7597657ec5ca11f895,13.2,1.2444,USDT,transfer,confirmed,2024,1,3
0xa597e50502f5ff68e3e25b9114205d4a,18853119,2024-01-03 16:40:00,polygon,0x7697b10474c0f8200f63f7a94f443762,0xce4f95bc7ab40a743a38a827a3bd0dbb,456.65,5.1285,USDT,swap,confirmed,2024,1,3
0x0336dcbab05b9d5ad24f4333c7658a0e,18941279,2024-01-03 17:00:00,solana,0x4be93e1593242bd5cd9c92380954055e,0x908af81148ca437396707545774ba89c,1363.72,1.6037,USDT,stake,confirmed,2024,1,3
0x084b6fbb10729ed4da8c3d3f5a3ae7c9,18824387,2024-01-03 17:20:00,ethereum,0x6e56af5e2c22a47bde0910fcb1fc3894,0xf0a1f339b8d7c0caaf9f05bcaf445df2,182.99,14.5669,USDT,swap,confirmed,2024,1,3
0x85d8ce590ad8981ca2c8286f79f59954,18812235,2024-01-03 17:40:00,polygon,0x45328bd57a567b16f587825936e9a66b,0x2c37b31984da25d83509b76b409389ea,235.21,3.0736,ETH,burn,confirmed,2024,1,3
0x0e65972dce68dad4d52d063967f0a705,18694394,2024-01-03 18:00:00,bitcoin,0xb95d9f00a15a80ffdf404b709b560817,0xa9f2585ee4ad489271ea85b0a5597054,36.07,6.5891,MATIC,transfer,confirmed,2024,1,3
0x84d9ee44e457ddef7f2c4f25dc8fa865,18015260,2024-01-03 18:20:00,ethereum,0x6946d3c06352c1ee3834c08de0828db9,0x4bd72fc70683cb5128aca04d75e928fa,165.4,18.7024,ETH,transfer,confirmed,2024,1,3
0x3644a684f98ea8fe223c713b77189a77,18535750,2024-01-03 18:40:00,polygon,0xf8966bcb690245f77d4099b149039143,0xcd5552335c77b6a98dfa02bd48aef65e,209.54,5.0644,ETH,transfer,confirmed,2024,1,3
0x757b505cfd34c64c85ca5b5690ee5293,18764743,2024-01-03 19:00:00,ethereum,0xabf4b21b695d1c74010795a60827c9f9,0x89c3d182334cf50f22c815254b365715,117.57,3.1534,ETH,transfer,confirmed,2024,1,3
0x854d6fae5ee42911677c739ee1734486,18910388,2024-01-03 19:20:00,ethereum,0x7693a918d5cf7e46e3a875b20763ee06,0xe0a30de2e991c0b061960bd8107238d4,69.68,9.1358,USDT,transfer,confirmed,2024,1,3
0xe2c0be24560d78c5e599c2a9c9d0bbd2,18628628,2024-01-03 19:40:00,bitcoin,0xf322bd55c44f8ff7937b6dfe28791605,0xaecd461a32696ac5e707e09db6f36ee7,166.66,4.3817,BTC,transfer,confirmed,2024,1,3
0x274ad4786c3abca69fa097b85867d9a4,18932137,2024-01-03 20:00:00,bitcoin,0x7d81ee826eee4b11e0c782db8fa0b985,0xb726f03f821d95776c7d20a4bced0d8f,6.78,5.1595,BTC,transfer,confirmed,2024,1,3
0xeae27d77ca20db309e056e3d2dcd7d69,18339801,2024-01-03 20:20:00,polygon,0x60fd74be9f25ce3f63f5d1e395e2c38a,0xecf88bbf1c07c4603f5a1cbd30bd7362,104.5,8.3171,USDT,transfer,confirmed,2024,1,3
0x7eabe3a1649ffa2b3ff8c02ebfd5659f,18913762,2024-01-03 20:40:00,bitcoin,0x2fac021875daa4229d6e32e9a76f6cf0,0x51b063be7fd0380bb41c2c66f1ec5e77,235.43,1.4531,USDC,transfer,confirmed,2024,1,3
0x69adc1e107f7f7d035d7baf04342e1ca,18106363,2024-01-03 21:00:00,bitcoin,0xab14ff0147e07c255f77f30a14fa4ffe,0xe8a60d1ba8a8e045bc834248f64c319d,14497.91,18.2103,ETH,transfer,confirmed,2024,1,3
0x091d584fced301b442654dd8c23b3fc9,18283797,2024-01-03 21:20:00,ethereum,0xa37b224953ee13a9e7f1c428577dbb5a,0xc08840ab5a93287611b116e9271bd4c5,11.27,4.1728,USDT,swap,confirmed,2024,1,3
0xb1d10e7bafa4421218a51b1e1f1b0ba2,18657925,2024-01-03 21:40:00,solana,0xceba70a099317d3a7a53943e5a1ee14b,0x8943bfce139854c7d9819d9c112d4d67,29.06,3.9092,ETH,swap,confirmed,2024,1,3
0x6f3ef77ac0e3619e98159e9b6febf557,18256705,2024-01-03 22:00:00,ethereum,0xed70740c50b1d5930cabb34ee105ce89,0xb59ea3944c72fde0519d6a943b3d720f,14.49,5.5363,USDT,swap,failed,2024,1,3
0xeb163727917cbba1eea208541a643e74,18882709,2024-01-03 22:20:00,bitcoin,0x407cdff8a8abc093b64398c8db47ed58,0x8a5c3a15843c97fe7bfb6f1b63248b90,55.19,6.0539,ETH,transfer,confirmed,2024,1,3
0x1534b76d325a8f591b52d302e7181331,18689392,2024-01-03 22:40:00,polygon,0x974d78e98b9a3e694af8501a480e308a,0x463f2dd2db72842511fec69128e48489,194.74,1.4901,BTC,transfer,confirmed,2024,1,3
0x979d472a84804b9f647bc185a877a8b5,18341090,2024-01-03 23:00:00,ethereum,0x0d78b4e3d94bcb4c9237b747d990bb8b,0x65eb4e91005f624dc72df7f5e210ea44,16.76,4.4154,ETH,swap,confirmed,2024,1,3
0xca46c1b9512a7a8315fa3c5a946e8265,18378919,2024-01-03 23:20:00,ethereum,0x63a574030818f05d6b619ef253547580,0x14613499cfb1166ebfa34a90c791cc6f,477.71,6.1467,BTC,transfer,confirmed,2024,1,3
0x3b8a614226a953a8cd9526fca6fe9ba5,18033212,2024-01-03 23:40:00,bitcoin,0x0a553fe70d8c9045ea2116fea7c9ae30,0x2aa0efb7c0a85ab8b024cd3e89d15a57,326.02,1.1653,USDC,swap,confirmed,2024,1,3
0x45fbc6d3e05ebd93369ce542e8f2322d,18448128,2024-01-04 00:00:00,bitcoin,0xa785f8fb510fa8935cb925c11519b338,0xb1c9ad10ae33d24178d39a26a9069529,30.16,12.5889,USDT,swap,confirmed,2024,1,4
0x63dc7ed1010d3c3b8269faf0ba7491d4,18994374,2024-01-04 00:20:00,ethereum,0x7ab26df3e44573b38bb0adc3ecdef4b3,0x7b248239c53a768f0bf0ad594379a146,27.5,1.1824,MATIC,transfer,confirmed,2024,1,4
0xe96ed478dab8595a7dbda4cbcbee168f,18571287,2024-01-04 00:40:00,solana,0x6a4f60ff5de9fb82d5a18db9e49eab39,0xc743bf528ad147cef758c662683a4196,152.59,2.4455,ETH,burn,confirmed,2024,1,4
0xc0e190d8267e36708f955d7ab048990d,18178450,2024-01-04 01:00:00,ethereum,0x2623a6c971bdf2b1e798b0aad971ed76,0xa093294c86a2099775e5807087abf76a,1327.89,5.2058,BTC,swap,confirmed,2024,1,4
0xec8ce6abb3e952a85b8551ba726a1227,18211208,2024-01-04 01:20:00,solana,0x82a0c64062411b4c029563f9f49bbf20,0x4bad5ce6d830e02c342a9f04c1030e88,8.2,3.8844,ETH,transfer,confirmed,2024,1,4
0x060ad92489947d410d897474079c1477,18572950,2024-01-04 01:40:00,solana,0x8e796056366d0970b6672a47482948b3,0xc4a255478094f7eec53cdf116bf5147b,203.92,22.5446,ETH,transfer,confirmed,2024,1,4
0xbcbe3365e6ac95ea2c0343a2395834dd,18342747,2024-01-04 02:00:00,solana,0x198e0fd8f9f926dbf9b839f60e760174,0x16205a6358472ac816fae3ef50573616,1362.35,2.2547,USDT,transfer,confirmed,2024,1,4
0x115f89503138416a242f40fb7d7f338e,18232324,2024-01-04 02:20:00,solana,0xe78fbb03009e14d7f727f639b8359c3c,0xa7561dfa8606c67a28c2c00f4cdda74d,7.5,6.6118,MATIC,mint,confirmed,2024,1,4
0x13fe9d84310e77f13a6d184dbf1232f3,18341106,2024-01-04 02:40:00,polygon,0xa3f7c07b9c61617d70d7dd2b8d9959fc,0x7a8f9a757052045d48c8c6524a1dd4bb,2518.22,5.751,USDC,swap,confirmed,2024,1,4
0xd1c38a09acc34845c6be3a127a5aacaf,18614005,2024-01-04 03:00:00,polygon,0x276a5657c61b7fef10a83980497ec692,0x0bb77b92f115a4c42f990629f50d32d8,32.08,13.4663,USDC,transfer,confirmed,2024,1,4
0x9cfdf10e8fc047a44b08ed031e1f0ed1,18944045,2024-01-04 03:20:00,ethereum,0x9bbeb0676910456e7794617b8df31ce7,0xcc259a5f4e53ce58293fe2e724649f0a,27.74,3.9336,MATIC,transfer,confirmed,2024,1,4
0x705f2172834666788607efbfca35afb3,18593103,2024-01-04 03:40:00,ethereum,0x3e372031b6c826c7d9c36ab5081d979f,0x0d92cb318fefb97d51a95b40d31f0b1b,27.43,3.3546,USDT,transfer,confirmed,2024,1,4
0x74db120f0a8e5646ef5a30154e9f6deb,18378592,2024-01-04 04:00:00,bitcoin,0x82bae3d2e3a49830d7264296bfd301cd,0x6e50aa04a991e615cad0cb9f70c5fed9,714.23,1.1287,MATIC,transfer,confirmed,2024,1,4
0x57aeee35c98205091e18d1140e9f38cf,18539649,2024-01-04 04:20:00,ethereum,0xbc40b25c4dcfbad21b4852a8e442f47d,0xf9d1004f15261856c5fc95ec480febf6,642.08,2.0677,USDT,transfer,confirmed,2024,1,4
0x6da9003b743b65f4c0ccd295cc484e57,18980631,2024-01-04 04:40:00,polygon,0x4ec5af103012e9466c389fa9db916c71,0x8b4430e4eb7fbd1a5ed62fff2ae41731,873.63,5.7194,ETH,transfer,confirmed,2024,1,4
0x9b04d152845ec0a378394003c96da594,18504656,2024-01-04 05:00:00,ethereum,0x3b62885a8329e926446da5fa0a759599,0x668c08fa082912516df337acdce885b6,7186.74,3.9417,USDT,transfer,confirmed,2024,1,4
0xbe83ab3ecd0db773eb2dc1b0a17836a1,18339797,2024-01-04 05:20:00,solana,0x65c63f647a399ae6bb2bf799b2ecf48b,0xcfc554255d483e8d2e67dc39058812eb,48.58,1.5579,BTC,stake,confirmed,2024,1,4
0xe165421110ba03099a1c0393373c5b43,18897163,2024-01-04 05:40:00,bitcoin,0x7ecec77a23ac7ff2552b2fcf89f3efdc,0xf92ca8882ce1f297302dfbed4ecccce4,88.79,4.7754,USDT,transfer,confirmed,2024,1,4
0x289dff07669d7a23de0ef88d2f7129e7,18513603,2024-01-04 06:00:00,solana,0x12c89376239501fb59282fb5edb68883,0xec8bdfcedc8db1ad50c2809895752feb,137.58,3.302,MATIC,burn,confirmed,2024,1,4
0x577ef1154f3240ad5b9b413aa7346a1e,18275381,2024-01-04 06:20:00,polygon,0x3f9c090ed0188686b38dc2f4be0dab64,0xc70b9dcaf43acdb7ca50b866b71d8795,46.32,4.9551,USDC,transfer,confirmed,2024,1,4
0x01161aaa0b6d1345dd8fe4e481144d84,18240121,2024-01-04 06:40:00,solana,0x429b7f96c59e29cb51166715a8ad5f57,0x847a20b2a409bbfca3f0a51309012614,62.7,2.029,ETH,stake,confirmed,2024,1,4
0x539fd53b59e3bb12d203f45a912eeaf2,18568568,2024-01-04 07:00:00,bitcoin,0x6911a93dbfb1a647686c2ba2ca2c70e2,0x3e58d6a5b63d73b4f51e08517c6cb136,406.25,2.2984,ETH,stake,confirmed,2024,1,4
0xac1dd209cbcc5e5d1c6e28598e8cbbe8,18758046,2024-01-04 07:20:00,polygon,0x9d5b4c43ed6b1f04f43602ae26def12e,0x93cf1ce0d45dd4dc30de08f7d7d7c4fc,121.47,5.1175,USDC,transfer,confirmed,2024,1,4
0x555d6702c950ecb729a966504af0a635,18821587,2024-01-04 07:40:00,solana,0xdf90ca6680bc1fee5f597e68e2bdf8f1,0xd4cd815febe38f897487631393bf764e,11.95,5.4048,USDT,transfer,confirmed,2024,1,4
0x335f5352088d7d9bf74191e006d8e24c,18337057,2024-01-04 08:00:00,ethereum,0x7abc639eac9341d874a38cfaa31fdd5d,0x36dd49488ea744e26a2209907207ca73,1200.09,8.6223,USDC,transfer,confirmed,2024,1,4
0xf340f1b1f65b6df5b5e3f94d95b11daf,18027082,2024-01-04 08:20:00,ethereum,0x9655f83cc2e491a9ec86408f0b29707f,0x25c33903b16c17181fff969dee441fe2,92.45,2.4049,BTC,transfer,confirmed,2024,1,4
0xe4a6222cdb5b34375400904f03d8e6a5,18489230,2024-01-04 08:40:00,solana,0x3d2bdd7127d5b13d05db0eb63c54153c,0xf81bc33bca062e4a5c55dcef16f78ebc,7.51,25.7201,BTC,mint,confirmed,2024,1,4
0xcb70ab375662576bd1ac5aaf16b3fca4,18373501,2024-01-04 09:00:00,bitcoin,0x66a7b361e0dfccab8c8146a49781a7a1,0x96a3f27d70f5614b8a3b17257f781a2e,454.65,3.7698,ETH,transfer,confirmed,2024,1,4
0x9188905e74c28e489b44e954ec0b9bca,18980101,2024-01-04 09:20:00,ethereum,0x6e534aee15dd957db5509154f74fbb62,0x81544975cc160ddf4ca4e864c4973b90,990.97,2.3335,USDT,mint,confirmed,2024,1,4
0x0266e33d3f546cb5436a10798e657d97,18199069,2024-01-04 09:40:00,ethereum,0x7afaca50ca74f431d757c79b90873448,0xd18c4cb23a10d14f636ab755cb9ed1a5,130.51,4.9144,ETH,transfer,confirmed,2024,1,4
0x38db3aed920cf82ab059bfccbd02be6a,18412490,2024-01-04 10:00:00,ethereum,0x5a44fe3651bec157f3cf646e9a71b78f,0x5860ae442ba1734ea2152a48df27c73d,3.84,7.5558,USDT,transfer,confirmed,2024,1,4
0x3cec07e9ba5f5bb252d13f5f431e4bbb,18523568,2024-01-04 10:20:00,ethereum,0xb1826747cd38457c483eaa7f144e766e,0x42058014ba333a403deee0b2e5d8b4bd,6.66,2.0754,USDT,mint,confirmed,2024,1,4
0x621bf66ddb7c962aa0d22ac97d69b793,18859799,2024-01-04 10:40:00,solana,0x468df68dcecda0299e6da726968a3dba,0x8271ebe3719920096e171eb057f38df0,62.38,23.3588,ETH,swap,confirmed,2024,1,4
0x077e29b11be80ab57e1a2ecabb7da330,18166199,2024-01-04 11:00:00,ethereum,0x7a9e23e20d7b107df43362f5fdad6574,0x80f977a8bdc0e884c2ffe5eee6052fe9,16.95,3.3851,BTC,transfer,confirmed,2024,1,4
0x6c9882bbac1c7093bd25041881277658,18634112,2024-01-04 11:20:00,bitcoin,0x3c34433f7618b5e90d81919c96c03cff,0x621c4b5daa1ad37a7c63a07c50c009ed,162.64,1.8613,USDT,stake,confirmed,2024,1,4
0x19f3cd308f1455b3fa09a282e0d496f4,18912535,2024-01-04 11:40:00,ethereum,0xd2c3d7d9cf93bc76809e42c8af6d7a67,0x02f3b5c7a0ba589590f72c93a811095b,1473.88,2.2245,USDT,transfer,confirmed,2024,1,4
0x03c6b06952c750899bb03d998e631860,18823780,2024-01-04 12:00:00,polygon,0xce9c629623d9c2ef3e724b7b656a7a76,0xe4e56a6d1c3554690c9df3e0f6682eff,25460.81,0.5625,USDC,transfer,confirmed,2024,1,4
0xc24cd76e1ce41366a4bbe8a49b02a028,18982447,2024-01-04 12:20:00,solana,0x7e49671bbdf7196c59db8f1b8c973e4b,0x670548f36d5d97f96d6aa344bfed1e1a,144.76,37.2358,MATIC,transfer,confirmed,2024,1,4
0xc52f1bd66cc19d05628bd8bf27af3ad6,18439728,2024-01-04 12:40:00,bitcoin,0x44e4771dc964fe9cbee316c7a3b2f196,0x362bf804f2d863b41c9db7ac977ea998,114.3,1.7489,BTC,transfer,confirmed,2024,1,4
0xfe131d7f5a6b38b23cc967316c13dae2,18807273,2024-01-04 13:00:00,polygon,0xdc6dd08dd9a835dab3f17eaa7f413d2e,0x8ff321ae19667fdf5a270d61de3e8284,574.34,4.8465,BTC,transfer,confirmed,2024,1,4
0xf718499c1c8cef6730f9fd03c8125cab,18678553,2024-01-04 13:20:00,polygon,0x45ff989eb2826b41ffe5b67539610d3d,0x95fed106b5dbb96d08961e7e1ce8189c,36.54,15.0203,ETH,transfer,confirmed,2024,1,4
0xd96409bf894217686ba124d7356686c9,18478158,2024-01-04 13:40:00,polygon,0x462448dda93ff83b4c535d312baf33d7,0x183326747f177d5985a004afd7552c08,48.23,6.3087,BTC,transfer,confirmed,2024,1,4
0x502e4a16930e414107ee22b6198c578f,18513432,2024-01-04 14:00:00,ethereum,0x121f7c48298a4b87337defef069924d5,0x74f91f6fc3421bb1c3edce0176956bf4,3415.91,13.4105,BTC,swap,confirmed,2024,1,4
0xcfa0860e83a4c3a763a7e62d825349f7,18026130,2024-01-04 14:20:00,ethereum,0xedfafc948d914f469a5306dc1a4492ea,0xcf1ff989de77c963d8ecc1716c357b22,25.45,2.8315,USDC,swap,confirmed,2024,1,4
0xa4f23670e1833f3fdb077ca70bbd5d66,18988480,2024-01-04 14:40:00,solana,0x5793700343a62eb759b41f2003632cfd,0x3f9aa03dab5591c8ded5b7fee14a9c6f,311.58,3.6649,ETH,mint,confirmed,2024,1,4
0xb1a59b315fc9a3002ce38bbe070ec3f5,18622522,2024-01-04 15:00:00,bitcoin,0xeee0aab16da98010e9ab145300fd0650,0x11af88e28351f91c6c2eff903bea6bda,19.34,7.1092,ETH,transfer,confirmed,2024,1,4
0x36660e59856b4de58a219bcf4e27eba3,18616969,2024-01-04 15:20:00,polygon,0x6423c2b12ffefa3268a6ea0959d1e46e,0xe353bd0e6e877a4e76c6489f0902b949,93.14,6.0392,ETH,swap,confirmed,2024,1,4
0x8c19f571e251e61cb8dd3612f26d5ecf,18037614,2024-01-04 15:40:00,bitcoin,0xac8bd8e5b84c18be6dec7ed7d2b8af3b,0x07dc8fb64e6b30879591ead540311c0c,24.77,1.3135,BTC,stake,confirmed,2024,1,4
0xd6baf65e0b240ce177cf70da146c8dc8,18024129,2024-01-04 16:00:00,bitcoin,0x6ec4fcf329f1071fb16b48feb03da0e8,0x6d7826bc4047215c93a79328e9405eb3,2241.35,1.4367,ETH,transfer,confirmed,2024,1,4
0xe56954b4f6347e897f954495eab16a88,18506508,2024-01-04 16:20:00,ethereum,0x0a87b89484bc3a8fe47faeac616a6522,0xfffa4fac6116f20d8905ed8bb6aa7869,5.66,4.7102,USDC,transfer,confirmed,2024,1,4
0xf7664060cc52bc6f3d620bcedc94a4b6,18353752,2024-01-04 16:40:00,solana,0x39c08709b132f1bd71746399ba26bd82,0x4e47b78eb10721635b8d7ac3ad983cdd,1082.99,5.062,USDT,transfer,confirmed,2024,1,4
0xeda80a3d5b344bc40f3bc04f65b7a357,18874103,2024-01-04 17:00:00,polygon,0xf7dc4be90d41709f7532e72c7add4a5a,0xe8118364a0fe91a4277a0006d551a7fc,494.08,3.0488,MATIC,transfer,confirmed,2024,1,4
0x8f121ce07d74717e0b1f21d122e04521,18665695,2024-01-04 17:20:00,ethereum,0x286ba612fb135f649f0799eec367baa7,0xf8187ecc361b8a31bed7819848b8607e,348.74,7.3022,USDC,transfer,confirmed,2024,1,4
0x06138bc5af6023646ede0e1f7c1eac75,18665959,2024-01-04 17:40:00,bitcoin,0xe6eff24a51ff842e489234ef8e73ecca,0xe8b235527f47295df46e781301a8b2f1,282.1,14.9581,BTC,transfer,confirmed,2024,1,4
0x39059724f73a9969845dfe4146c5660e,18885669,2024-01-04 18:00:00,polygon,0xec597c2b244b1883b3a45e6946accdf4,0xb0629c40ad796c53f1c914700ba34054,1681.37,3.2289,ETH,transfer,confirmed,2024,1,4
0x7f100b7b36092fb9b06dfb4fac360931,18160402,2024-01-04 18:20:00,solana,0x7395a40c2362452913eaa4229613870f,0x5c38476a6ecc93f8bb68bde4c4b59fc3,45.19,8.7502,BTC,transfer,confirmed,2024,1,4
0x7a614fd06c325499f1680b9896beedeb,18192578,2024-01-04 18:40:00,ethereum,0x4ad46be569763c9f1720414e7814a9ed,0x49e2453a4d7f1a94e6d0edfccb0e2e66,687.13,3.6048,BTC,transfer,confirmed,2024,1,4
0x4734ba6f3de83d861c3176a6273cac6d,18983283,2024-01-04 19:00:00,bitcoin,0xc9395d77dced2d02b85c5f63b54bb9a8,0xef1e9bd607e0693fb4e3850d200a3650,44.42,3.3981,USDT,transfer,confirmed,2024,1,4
0xd947bf06a885db0d477d707121934ff8,18308382,2024-01-04 19:20:00,bitcoin,0x7697b10474c0f8200f63f7a94f443762,0x615d92d57a77bab3a9cc26cd857f163c,656.02,2.183,BTC,swap,confirmed,2024,1,4
0x63923f49e5241343aa7acb6a06a751e7,18060432,2024-01-04 19:40:00,ethereum,0x4be93e1593242bd5cd9c92380954055e,0xa9d7d171e2c8c1fcec1b0e339537f788,39.44,3.0167,BTC,transfer,confirmed,2024,1,4
0xdb8e1af0cb3aca1ae2d0018624204529,18902966,2024-01-04 20:00:00,bitcoin,0x6e56af5e2c22a47bde0910fcb1fc3894,0x4a6b5b9f87ca60bb152ac1f3580ac5d0,89.41,1.4538,BTC,stake,confirmed,2024,1,4
0x20f07591c6fcb220ffe637cda29bb3f6,18424925,2024-01-04 20:20:00,ethereum,0x45328bd57a567b16f587825936e9a66b,0x1adf154e3b52f29f974e32d78809ced3,21.98,9.5542,USDC,burn,confirmed,2024,1,4
0x07cdfd23373b17c6b337251c22b7ea57,18648482,2024-01-04 20:40:00,solana,0xb95d9f00a15a80ffdf404b709b560817,0x5cc2e6e2c15584aaa276c7d3f914781b,347.96,4.6949,USDT,swap,confirmed,2024,1,4
0xd395771085aab05244a4fb8fd91bf4ee,18684690,2024-01-04 21:00:00,polygon,0x6946d3c06352c1ee3834c08de0828db9,0x338029789feb38559574d53e2ebf0677,99.98,1.4182,BTC,swap,confirmed,2024,1,4
0x92c8c96e4c37100777c7190b76d28233,18826501,2024-01-04 21:20:00,bitcoin,0xf8966bcb690245f77d4099b149039143,0x508bda5f113244a58f1ce4ebce927e2d,123.15,2.6632,ETH,transfer,confirmed,2024,1,4
0xe3796ae838835da0b6f6ea37bcf8bcb7,18023425,2024-01-04 21:40:00,bitcoin,0xabf4b21b695d1c74010795a60827c9f9,0x9127b9b843f0223c61cc2a0b3cc89c06,388.7,17.0068,USDC,swap,confirmed,2024,1,4
0x6a9aeddfc689c1d0e3b9ccc3ab651bc5,18994734,2024-01-04 22:00:00,bitcoin,0x7693a918d5cf7e46e3a875b20763ee06,0x0b3ef3e853df2b5f4e91a665dec3aa93,426.47,5.7962,ETH,transfer,confirmed,2024,1,4
0x0f49c89d1e7298bb9930789c8ed59d48,18013797,2024-01-04 22:20:00,polygon,0xf322bd55c44f8ff7937b6dfe28791605,0x7c00a63dbf451c5661398ed094468e36,4.98,2.244,MATIC,transfer,confirmed,2024,1,4
0x46ba9f2a6976570b0353203ec4474217,18970140,2024-01-04 22:40:00,solana,0x7d81ee826eee4b11e0c782db8fa0b985,0xf1b418fc1c580fa5fd44bb11a4ed29a5,78.62,4.6598,MATIC,swap,failed,2024,1,4
0x0e01938fc48a2cfb5f2217fbfb00722d,18948422,2024-01-04 23:00:00,ethereum,0x60fd74be9f25ce3f63f5d1e395e2c38a,0x1d8018149a9e603dc9784462d87a3973,113.28,2.3272,BTC,burn,confirmed,2024,1,4
0x16a5cdae362b8d27a1d8f8c7b78b4330,18280197,2024-01-04 23:20:00,solana,0x2fac021875daa4229d6e32e9a76f6cf0,0xdb7ef65d172eab9ea7f610b15e043e0e,435.92,5.1124,ETH,transfer,confirmed,2024,1,4
0x918317b57931b6b7a7d29490fe5ec9f9,18578500,2024-01-04 23:40:00,ethereum,0xab14ff0147e07c255f77f30a14fa4ffe,0x811243af76a9cf5b3aeb4eec87e20492,3.64,2.966,ETH,burn,confirmed,2024,1,4
0x48aedb8880cab8c45637abc7493ecddd,18561891,2024-01-05 00:00:00,solana,0xa37b224953ee13a9e7f1c428577dbb5a,0xfb1eb265582bb9130fc0a57327f1d6ad,136.39,14.2545,USDT,transfer,confirmed,2024,1,5
0x839ab46820b524afda05122893c2fe8e,18651514,2024-01-05 00:20:00,ethereum,0xceba70a099317d3a7a53943e5a1ee14b,0xc7810b357384cf5c34037e22f4811b7c,1174.88,6.2207,USDT,transfer,confirmed,2024,1,5
0xf90f2aca5c640289d0a29417bcb63a37,18580129,2024-01-05 00:40:00,bitcoin,0xed70740c50b1d5930cabb34ee105ce89,0x8f6c8d2a69efc09c8a3acbde70efdbbf,445.13,31.6926,USDT,swap,confirmed,2024,1,5
0x9c838d2e45b2ad1094d42f4ef36764f6,18101721,2024-01-05 01:00:00,polygon,0x407cdff8a8abc093b64398c8db47ed58,0xa0f2134c15080c2356b0c4d2b4802328,148.12,9.0377,BTC,swap,confirmed,2024,1,5
0x1700002963a49da13542e0726b7bb758,18144580,2024-01-05 01:20:00,polygon,0x974d78e98b9a3e694af8501a480e308a,0xcaa1757474d117251888f47066dc3d28,1780.24,11.1442,ETH,transfer,confirmed,2024,1,5
0x53c3bce66e43be4f209556518c2fcb54,18043562,2024-01-05 01:40:00,bitcoin,0x0d78b4e3d94bcb4c9237b747d990bb8b,0x031649b8c084b1dbb37cb2c30fe30553,10.57,2.6707,USDT,swap,confirmed,2024,1,5
0x6883966fd8f918a4aa29be29d2c386fb,18518989,2024-01-05 02:00:00,solana,0x63a574030818f05d6b619ef253547580,0x52b39c3ad6cfb4dc378e308a77721f85,14.42,2.8244,BTC,transfer,confirmed,2024,1,5
0x49182f81e6a13cf5eaa496d51fea6406,18552221,2024-01-05 02:20:00,polygon,0x0a553fe70d8c9045ea2116fea7c9ae30,0xf28d8674c8aa8e1ed33b353881daa283,28.11,2.4422,BTC,swap,confirmed,2024,1,5
0xd296c101daa88a51f6ca8cfc1ac79b50,18508748,2024-01-05 02:40:00,polygon,0xa785f8fb510fa8935cb925c11519b338,0xa0afd6926c1ff68e9938514a3e2b177b,13.43,2.9217,USDC,swap,confirmed,2024,1,5
0x9fd81843ad7f202f26c1a174c7357585,18930936,2024-01-05 03:00:00,ethereum,0x7ab26df3e44573b38bb0adc3ecdef4b3,0x4fd74d73a5de3c3f1fa1a86330ccbc25,19.55,14.2817,ETH,stake,confirmed,2024,1,5
0x26e359e83860db1d11b6acca57d8ea88,18096072,2024-01-05 03:20:00,ethereum,0x6a4f60ff5de9fb82d5a18db9e49eab39,0xbcc5ead125e2a4354b73a8f2836984c8,85.54,4.2608,USDT,transfer,confirmed,2024,1,5
0xef0d3930a7b6c95bd2b32ed45989c61f,18841966,2024-01-05 03:40:00,polygon,0x2623a6c971bdf2b1e798b0aad971ed76,0x865844649c1b8699bedbdb5e537bec98,106.18,7.5701,USDC,transfer,pending,2024,1,5
0x94f6d7e04a4d452035300f18b984988c,18215292,2024-01-05 04:00:00,bitcoin,0x82a0c64062411b4c029563f9f49bbf20,0x9db66c78dd0a5abeb04990b88af60b31,107.49,1.7924,BTC,swap,confirmed,2024,1,5
0x34ed066df378efacc9b924ec161e7639,18140302,2024-01-05 04:20:00,ethereum,0x8e796056366d0970b6672a47482948b3,0xd4cd917fce40b8735872d7ead611e67e,127.63,1.7851,BTC,mint,confirmed,2024,1,5
0x577bcc914f9e55d5e4e4f82f9f00e7d4,18032275,2024-01-05 04:40:00,ethereum,0x198e0fd8f9f926dbf9b839f60e760174,0x429fed7d5d3c50c3023c9b348bff1031,9.56,1.5452,USDT,swap,confirmed,2024,1,5
0x11b9842e0a271ff252c1903e7132cd68,18032269,2024-01-05 05:00:00,solana,0xe78fbb03009e14d7f727f639b8359c3c,0x9c70210746f47e02c79b9975d452bc59,8.06,3.3906,ETH,transfer,confirmed,2024,1,5
0x37bc2f75bf1bcfe8450a1a41c200364c,18751151,2024-01-05 05:20:00,ethereum,0xa3f7c07b9c61617d70d7dd2b8d9959fc,0x88f350a60198bddc45af39f0645d9f21,1352.51,5.3753,USDT,swap,confirmed,2024,1,5
0x496e05e1aea0a9c4655800e8a7b9ea28,18885162,2024-01-05 05:40:00,bitcoin,0x276a5657c61b7fef10a83980497ec692,0xe92d0514fffc914b7f1161250a7f03f8,122.61,3.7326,ETH,transfer,confirmed,2024,1,5
0xb2eb7349035754953b57a32e2841bda5,18049547,2024-01-05 06:00:00,ethereum,0x9bbeb0676910456e7794617b8df31ce7,0x989ba1783be923e7ad9bc90e52ecbbcf,44.51,2.707,USDT,mint,pending,2024,1,5
0x8e98d81f8217304975ccb23337bb5761,18544614,2024-01-05 06:20:00,ethereum,0x3e372031b6c826c7d9c36ab5081d979f,0x676487ba4b7841a2521566cd1b6f5991,1183.38,0.9736,ETH,transfer,confirmed,2024,1,5
0xa8c88a0055f636e4a163a5e3d16adab7,18695271,2024-01-05 06:40:00,polygon,0x82bae3d2e3a49830d7264296bfd301cd,0x672c52737a34664e883db019c514db5a,335.04,6.4217,MATIC,swap,confirmed,2024,1,5
0xeddea82ad2755b24c4e168c5fc2ebd40,18836185,2024-01-05 07:00:00,ethereum,0xbc40b25c4dcfbad21b4852a8e442f47d,0x51e847f84241ace98ffe6b16e83a30ce,5347.55,8.422,USDC,stake,confirmed,2024,1,5
0x06eb61b839a0cefee4967c67ccb099dc,18347014,2024-01-05 07:20:00,ethereum,0x4ec5af103012e9466c389fa9db916c71,0xb5dbedee126b007d4bb858c94afa0b17,252.48,4.5102,BTC,stake,confirmed,2024,1,5
0x9dfcd5e558dfa04aaf37f137a1d9d3e5,18397659,2024-01-05 07:40:00,bitcoin,0x3b62885a8329e926446da5fa0a759599,0x9c3a1ecdeeb008ebd5df9d1d71d27759,619.12,8.5065,USDC,swap,confirmed,2024,1,5
0x950a4152c2b4aa3ad78bdd6b366cc179,18842465,2024-01-05 08:00:00,polygon,0x65c63f647a399ae6bb2bf799b2ecf48b,0x2ab55e984e1b4b7ea4dfe7b598a49e27,309.64,0.8701,ETH,transfer,confirmed,2024,1,5
0x158f3069a435b314a80bdcb024f8e422,18387368,2024-01-05 08:20:00,ethereum,0x7ecec77a23ac7ff2552b2fcf89f3efdc,0x0c852db4fa04af7597657ec5ca11f895,4200.24,4.1696,MATIC,transfer,confirmed,2024,1,5
0x758874998f5bd0c393da094e1967a72b,18670120,2024-01-05 08:40:00,bitcoin,0x12c89376239501fb59282fb5edb68883,0xce4f95bc7ab40a743a38a827a3bd0dbb,60.88,2.0169,ETH,stake,confirmed,2024,1,5
0xad13a2a07ca4b7642959dc0c4c740ab6,18789572,2024-01-05 09:00:00,ethereum,0x3f9c090ed0188686b38dc2f4be0dab64,0x908af81148ca437396707545774ba89c,154.78,7.5053,ETH,transfer,confirmed,2024,1,5
0x3fe94a002317b5f9259f82690aeea4cd,18692322,2024-01-05 09:20:00,bitcoin,0x429b7f96c59e29cb51166715a8ad5f57,0xf0a1f339b8d7c0caaf9f05bcaf445df2,149.29,9.1011,USDT,transfer,confirmed,2024,1,5
0x5b8add2a5d98b1a652ea7fd72d942dac,18960354,2024-01-05 09:40:00,ethereum,0x6911a93dbfb1a647686c2ba2ca2c70e2,0x2c37b31984da25d83509b76b409389ea,48.13,1.2941,USDT,transfer,confirmed,2024,1,5
0x432aca3a1e345e339f35a30c8f65edce,18409126,2024-01-05 10:00:00,ethereum,0x9d5b4c43ed6b1f04f43602ae26def12e,0xa9f2585ee4ad489271ea85b0a5597054,487.66,1.4806,BTC,stake,confirmed,2024,1,5
0x8d3bba7425e7c98c50f52ca1b52d3735,18719873,2024-01-05 10:20:00,ethereum,0xdf90ca6680bc1fee5f597e68e2bdf8f1,0x4bd72fc70683cb5128aca04d75e928fa,734.07,6.0159,BTC,transfer,confirmed,2024,1,5
0x320722549d1751cf3f247855f937b982,18720400,2024-01-05 10:40:00,solana,0x7abc639eac9341d874a38cfaa31fdd5d,0xcd5552335c77b6a98dfa02bd48aef65e,20.8,7.9031,MATIC,swap,confirmed,2024,1,5
0xcaf1a3dfb505ffed0d024130f58c5cfa,18738758,2024-01-05 11:00:00,ethereum,0x9655f83cc2e491a9ec86408f0b29707f,0x89c3d182334cf50f22c815254b365715,252.66,1.4088,ETH,transfer,failed,2024,1,5
0x5737c6ec2e0716f3d8a7a5c4e0de0d9a,18431744,2024-01-05 11:20:00,polygon,0x3d2bdd7127d5b13d05db0eb63c54153c,0xe0a30de2e991c0b061960bd8107238d4,108.92,14.1822,USDT,transfer,pending,2024,1,5
0xbc6dc48b743dc5d013b1abaebd2faed2,18722645,2024-01-05 11:40:00,ethereum,0x66a7b361e0dfccab8c8146a49781a7a1,0xaecd461a32696ac5e707e09db6f36ee7,58.19,2.5776,ETH,transfer,confirmed,2024,1,5
0xf2fc990265c712c49d51a18a32b39f0c,18222651,2024-01-05 12:00:00,bitcoin,0x6e534aee15dd957db5509154f74fbb62,0xb726f03f821d95776c7d20a4bced0d8f,203.87,8.4598,USDT,transfer,confirmed,2024,1,5
0x89f0fd5c927d466d6ec9a21b9ac34ffa,18943852,2024-01-05 12:20:00,polygon,0x7afaca50ca74f431d757c79b90873448,0xecf88bbf1c07c4603f5a1cbd30bd7362,108.48,1.657,USDC,swap,confirmed,2024,1,5
0xa666587afda6e89aec274a3657558a27,18160961,2024-01-05 12:40:00,ethereum,0x5a44fe3651bec157f3cf646e9a71b78f,0x51b063be7fd0380bb41c2c66f1ec5e77,47.2,12.3338,USDT,mint,confirmed,2024,1,5
0xb83aac23b9528732c23cc7352950e880,18850243,2024-01-05 13:00:00,polygon,0xb1826747cd38457c483eaa7f144e766e,0xe8a60d1ba8a8e045bc834248f64c319d,53.75,1.707,ETH,burn,confirmed,2024,1,5
0xcd00692c3bfe59267d5ecfac5310286c,18207327,2024-01-05 13:20:00,bitcoin,0x468df68dcecda0299e6da726968a3dba,0xc08840ab5a93287611b116e9271bd4c5,23.84,5.2919,BTC,transfer,confirmed,2024,1,5
0x6faa8040da20ef399b63a72d0e4ab575,18904517,2024-01-05 13:40:00,ethereum,0x7a9e23e20d7b107df43362f5fdad6574,0x8943bfce139854c7d9819d9c112d4d67,1244.24,7.5581,ETH,transfer,confirmed,2024,1,5
0xfe73f687e5bc5280214e0486b273a5f9,18683209,2024-01-05 14:00:00,ethereum,0x3c34433f7618b5e90d81919c96c03cff,0xb59ea3944c72fde0519d6a943b3d720f,516.04,5.5387,ETH,transfer,confirmed,2024,1,5
0x6da37dd3139aa4d9aa55b8d237ec5d4a,18539764,2024-01-05 14:20:00,bitcoin,0xd2c3d7d9cf93bc76809e42c8af6d7a67,0x8a5c3a15843c97fe7bfb6f1b63248b90,2.88,2.2276,ETH,swap,confirmed,2024,1,5
0xc042f4db68f23406c6cecf84a7ebb0fe,18637754,2024-01-05 14:40:00,solana,0xce9c629623d9c2ef3e724b7b656a7a76,0x463f2dd2db72842511fec69128e48489,224.8,2.1985,ETH,transfer,confirmed,2024,1,5
0x310dcbbf4cce62f762a2aaa148d556bd,18573537,2024-01-05 15:00:00,ethereum,0x7e49671bbdf7196c59db8f1b8c973e4b,0x65eb4e91005f624dc72df7f5e210ea44,28.84,3.3615,ETH,mint,confirmed,2024,1,5
0x2f2b265625d76a6704b08093c652fd79,18249178,2024-01-05 15:20:00,ethereum,0x44e4771dc964fe9cbee316c7a3b2f196,0x14613499cfb1166ebfa34a90c791cc6f,6191.9,5.1855,MATIC,burn,confirmed,2024,1,5
0xf9b902fc3289af4dd08de5d1de54f68f,18406519,2024-01-05 15:40:00,bitcoin,0xdc6dd08dd9a835dab3f17eaa7f413d2e,0x2aa0efb7c0a85ab8b024cd3e89d15a57,1116.5,1.3826,USDT,transfer,confirmed,2024,1,5
0x6855456e2fe46a9d49d3d3af4f57443d,18670295,2024-01-05 16:00:00,polygon,0x45ff989eb2826b41ffe5b67539610d3d,0xb1c9ad10ae33d24178d39a26a9069529,84.13,5.3949,ETH,transfer,confirmed,2024,1,5
0x357a6fdf7642bf815a88822c447d9dc4,18632049,2024-01-05 16:20:00,polygon,0x462448dda93ff83b4c535d312baf33d7,0x7b248239c53a768f0bf0ad594379a146,898.09,0.8525,USDC,swap,confirmed,2024,1,5
0x819f46e52c25763a55cc642422644317,18129428,2024-01-05 16:40:00,polygon,0x121f7c48298a4b87337defef069924d5,0xc743bf528ad147cef758c662683a4196,152.89,3.2059,USDT,transfer,failed,2024,1,5
0x04025959b191f8f9de3f924f0940515f,18714808,2024-01-05 17:00:00,ethereum,0xedfafc948d914f469a5306dc1a4492ea,0xa093294c86a2099775e5807087abf76a,379.45,3.6272,USDC,transfer,confirmed,2024,1,5
0x40008b9a5380fcacce3976bf7c08af5b,18452328,2024-01-05 17:20:00,polygon,0x5793700343a62eb759b41f2003632cfd,0x4bad5ce6d830e02c342a9f04c1030e88,6846.73,2.2168,ETH,swap,confirmed,2024,1,5
0x3dd48ab31d016ffcbf3314df2b3cb9ce,18118381,2024-01-05 17:40:00,polygon,0xeee0aab16da98010e9ab145300fd0650,0xc4a255478094f7eec53cdf116bf5147b,67.76,5.1799,BTC,transfer,confirmed,2024,1,5
0x58238e9ae2dd305d79c2ebc8c1883422,18012458,2024-01-05 18:00:00,bitcoin,0x6423c2b12ffefa3268a6ea0959d1e46e,0x16205a6358472ac816fae3ef50573616,205.32,0.7871,ETH,transfer,confirmed,2024,1,5
0x3ad7c2ebb96fcba7cda0cf54a2e802f5,18836076,2024-01-05 18:20:00,polygon,0xac8bd8e5b84c18be6dec7ed7d2b8af3b,0xa7561dfa8606c67a28c2c00f4cdda74d,81.43,2.4469,ETH,stake,confirmed,2024,1,5
0xb3967a0e938dc2a6340e258630febd5a,18271565,2024-01-05 18:40:00,solana,0x6ec4fcf329f1071fb16b48feb03da0e8,0x7a8f9a757052045d48c8c6524a1dd4bb,392.14,3.4919,USDT,transfer,confirmed,2024,1,5
0xd81f9c1be2e08964bf9f24b15f0e4900,18067674,2024-01-05 19:00:00,ethereum,0x0a87b89484bc3a8fe47faeac616a6522,0x0bb77b92f115a4c42f990629f50d32d8,45.51,8.6137,USDC,mint,confirmed,2024,1,5
0x13f9896df61279c928f19721878fac41,18872894,2024-01-05 19:20:00,ethereum,0x39c08709b132f1bd71746399ba26bd82,0xcc259a5f4e53ce58293fe2e724649f0a,21.13,7.3752,USDC,transfer,confirmed,2024,1,5
0xc5ff2543b53f4cc0ad3819a36752467b,18745958,2024-01-05 19:40:00,polygon,0xf7dc4be90d41709f7532e72c7add4a5a,0x0d92cb318fefb97d51a95b40d31f0b1b,38338.8,1.3306,USDT,swap,confirmed,2024,1,5
0x01386bd6d8e091c2ab4c7c7de644d37b,18221644,2024-01-05 20:00:00,ethereum,0x286ba612fb135f649f0799eec367baa7,0x6e50aa04a991e615cad0cb9f70c5fed9,1685.91,6.3578,BTC,transfer,confirmed,2024,1,5
0x0bb4aec1710521c12ee76289d9440817,18139337,2024-01-05 20:20:00,bitcoin,0xe6eff24a51ff842e489234ef8e73ecca,0xf9d1004f15261856c5fc95ec480febf6,328.47,66.1432,USDT,mint,confirmed,2024,1,5
0x9de6d14fff9806d4bcd1ef555be766cd,18375406,2024-01-05 20:40:00,bitcoin,0xec597c2b244b1883b3a45e6946accdf4,0x8b4430e4eb7fbd1a5ed62fff2ae41731,337.09,11.426,USDC,stake,confirmed,2024,1,5
0xefe937780e95574250dabe07151bdc23,18000589,2024-01-05 21:00:00,ethereum,0x7395a40c2362452913eaa4229613870f,0x668c08fa082912516df337acdce885b6,2528.86,10.2921,ETH,swap,confirmed,2024,1,5
0x371bce7dc83817b7893bcdeed13799b5,18318592,2024-01-05 21:20:00,polygon,0x4ad46be569763c9f1720414e7814a9ed,0xcfc554255d483e8d2e67dc39058812eb,63.59,1.1392,MATIC,transfer,confirmed,2024,1,5
0x138bb0696595b338afbab333c555292a,18811803,2024-01-05 21:40:00,ethereum,0xc9395d77dced2d02b85c5f63b54bb9a8,0xf92ca8882ce1f297302dfbed4ecccce4,62.0,1.2186,BTC,swap,confirmed,2024,1,5
0x8dd48d6a2e2cad213179a3992c0be53c,18635025,2024-01-05 22:00:00,bitcoin,0x7697b10474c0f8200f63f7a94f443762,0xec8bdfcedc8db1ad50c2809895752feb,191.05,3.9311,BTC,transfer,confirmed,2024,1,5
0x82cec96096d4281b7c95cd7e74623496,18348406,2024-01-05 22:20:00,polygon,0x4be93e1593242bd5cd9c92380954055e,0xc70b9dcaf43acdb7ca50b866b71d8795,4.33,21.9045,USDT,transfer,confirmed,2024,1,5
0x6c524f9d5d7027454a783c841250ba71,18543372,2024-01-05 22:40:00,solana,0x6e56af5e2c22a47bde0910fcb1fc3894,0x847a20b2a409bbfca3f0a51309012614,10.89,1.3972,USDC,transfer,confirmed,2024,1,5
0xfb7b9ffa5462084c5f4e7e85a093e6d7,18666655,2024-01-05 23:00:00,ethereum,0x45328bd57a567b16f587825936e9a66b,0x3e58d6a5b63d73b4f51e08517c6cb136,146.03,12.5891,BTC,transfer,confirmed,2024,1,5
0xaa942ab2bfa6ebda4840e7360ce6e7ef,18807935,2024-01-05 23:20:00,bitcoin,0xb95d9f00a15a80ffdf404b709b560817,0x93cf1ce0d45dd4dc30de08f7d7d7c4fc,249.6,11.7789,ETH,stake,confirmed,2024,1,5
0xc058f544c737782deacefa532d9add4c,18296560,2024-01-05 23:40:00,bitcoin,0x6946d3c06352c1ee3834c08de0828db9,0xd4cd815febe38f897487631393bf764e,204.41,5.3741,USDT,burn,confirmed,2024,1,5
0xe7b24b112a44fdd9ee93bdf998c6ca0e,18791662,2024-01-06 00:00:00,ethereum,0xf8966bcb690245f77d4099b149039143,0x36dd49488ea744e26a2209907207ca73,24279.28,1.1095,USDT,transfer,confirmed,2024,1,6
0x52720e003547c70561bf5e03b95aa99f,18957131,2024-01-06 00:20:00,polygon,0xabf4b21b695d1c74010795a60827c9f9,0x25c33903b16c17181fff969dee441fe2,60.03,1.4742,ETH,stake,confirmed,2024,1,6
0xc3e878e27f52e2a57ace4d9a76fd9acf,18080666,2024-01-06 00:40:00,polygon,0x7693a918d5cf7e46e3a875b20763ee06,0xf81bc33bca062e4a5c55dcef16f78ebc,389.72,6.6373,USDT,transfer,confirmed,2024,1,6
0x00411460f7c92d2124a67ea0f4cb5f85,18230691,2024-01-06 01:00:00,solana,0xf322bd55c44f8ff7937b6dfe28791605,0x96a3f27d70f5614b8a3b17257f781a2e,340.44,1.2322,USDT,swap,confirmed,2024,1,6
0xbac9162b47c56fc8a4d2a519803d51b3,18973206,2024-01-06 01:20:00,solana,0x7d81ee826eee4b11e0c782db8fa0b985,0x81544975cc160ddf4ca4e864c4973b90,31.76,16.2132,ETH,transfer,confirmed,2024,1,6
0x9be40cee5b0eee1462c82c6964087ff9,18437160,2024-01-06 01:40:00,polygon,0x60fd74be9f25ce3f63f5d1e395e2c38a,0xd18c4cb23a10d14f636ab755cb9ed1a5,25.29,3.1709,ETH,stake,confirmed,2024,1,6
0x5ef698cd9fe650923ea331c15af3b160,18379268,2024-01-06 02:00:00,bitcoin,0x2fac021875daa4229d6e32e9a76f6cf0,0x5860ae442ba1734ea2152a48df27c73d,27.25,7.5794,USDC,mint,confirmed,2024,1,6
0x05049e90fa4f5039a8cadc6acbb4b2cc,18279628,2024-01-06 02:20:00,polygon,0xab14ff0147e07c255f77f30a14fa4ffe,0x42058014ba333a403deee0b2e5d8b4bd,6.53,4.361,USDT,transfer,confirmed,2024,1,6
0xcf004fdc76fa1a4f25f62e0eb5261ca3,18398715,2024-01-06 02:40:00,bitcoin,0xa37b224953ee13a9e7f1c428577dbb5a,0x8271ebe3719920096e171eb057f38df0,1655.78,11.0634,USDC,transfer,confirmed,2024,1,6
0x0c74b7f78409a4022a2c4c5a5ca3ee19,18670309,2024-01-06 03:00:00,ethereum,0xceba70a099317d3a7a53943e5a1ee14b,0x80f977a8bdc0e884c2ffe5eee6052fe9,1743.09,2.4365,USDT,stake,confirmed,2024,1,6
0xd709f38ef758b5066ef31b18039b8ce5,18232297,2024-01-06 03:20:00,ethereum,0xed70740c50b1d5930cabb34ee105ce89,0x621c4b5daa1ad37a7c63a07c50c009ed,2.11,4.0508,USDT,burn,confirmed,2024,1,6
0x41f1f19176d383480afa65d325c06ed0,18583839,2024-01-06 03:40:00,solana,0x407cdff8a8abc093b64398c8db47ed58,0x02f3b5c7a0ba589590f72c93a811095b,321.24,24.3691,ETH,transfer,confirmed,2024,1,6
0x24b16fede9a67c9251d3e7c7161c83ac,18766821,2024-01-06 04:00:00,bitcoin,0x974d78e98b9a3e694af8501a480e308a,0xe4e56a6d1c3554690c9df3e0f6682eff,6.62,5.2985,USDT,transfer,confirmed,2024,1,6
0xffd52f3c7e12435a724a8f30fddadd9c,18535462,2024-01-06 04:20:00,bitcoin,0x0d78b4e3d94bcb4c9237b747d990bb8b,0x670548f36d5d97f96d6aa344bfed1e1a,416.96,2.4386,ETH,swap,confirmed,2024,1,6
0xad972f10e0800b49d76fed33a21f6698,18133375,2024-01-06 04:40:00,bitcoin,0x63a574030818f05d6b619ef253547580,0x362bf804f2d863b41c9db7ac977ea998,1286.1,9.0064,BTC,swap,confirmed,2024,1,6
0xf61d6947467ccd3aa5af24db320235dd,18937042,2024-01-06 05:00:00,ethereum,0x0a553fe70d8c9045ea2116fea7c9ae30,0x8ff321ae19667fdf5a270d61de3e8284,650.5,2.7404,MATIC,transfer,confirmed,2024,1,6
0x142949df56ea8ae0be8b5306971900a4,18574503,2024-01-06 05:20:00,polygon,0xa785f8fb510fa8935cb925c11519b338,0x95fed106b5dbb96d08961e7e1ce8189c,437.92,4.0334,ETH,stake,confirmed,2024,1,6
0xd34ab169b70c9dcd35e62896010cd9ff,18771605,2024-01-06 05:40:00,bitcoin,0x7ab26df3e44573b38bb0adc3ecdef4b3,0x183326747f177d5985a004afd7552c08,84.32,2.165,ETH,swap,confirmed,2024,1,6
0x8bf1211fd4b7b94528899de0a43b9fb3,18659270,2024-01-06 06:00:00,ethereum,0x6a4f60ff5de9fb82d5a18db9e49eab39,0x74f91f6fc3421bb1c3edce0176956bf4,31.04,22.639,ETH,transfer,confirmed,2024,1,6
0xa02ffd91ece5e7efeb46db8f10a74059,18502421,2024-01-06 06:20:00,polygon,0x2623a6c971bdf2b1e798b0aad971ed76,0xcf1ff989de77c963d8ecc1716c357b22,919.84,2.5254,USDC,swap,confirmed,2024,1,6
0xbca82e41ee7b0833588399b1fcd177c7,18181035,2024-01-06 06:40:00,bitcoin,0x82a0c64062411b4c029563f9f49bbf20,0x3f9aa03dab5591c8ded5b7fee14a9c6f,247.86,4.9458,USDT,transfer,confirmed,2024,1,6
0x00ec53c4682d36f5c4359f4ae7bd7ba1,18066584,2024-01-06 07:00:00,bitcoin,0x8e796056366d0970b6672a47482948b3,0x11af88e28351f91c6c2eff903bea6bda,5396.9,3.2341,USDT,transfer,confirmed,2024,1,6
0x4f6ffe13a5d75b2d6a3923922b3922e5,18346867,2024-01-06 07:20:00,solana,0x198e0fd8f9f926dbf9b839f60e760174,0xe353bd0e6e877a4e76c6489f0902b949,1614.87,8.1015,ETH,stake,confirmed,2024,1,6
0xbeed13602b9b0e6ecb5b568ff5058f07,18521659,2024-01-06 07:40:00,ethereum,0xe78fbb03009e14d7f727f639b8359c3c,0x07dc8fb64e6b30879591ead540311c0c,30604.09,4.7226,ETH,transfer,failed,2024,1,6
0x0584ce565c824b7b7f50282d9a19945b,18995186,2024-01-06 08:00:00,ethereum,0xa3f7c07b9c61617d70d7dd2b8d9959fc,0x6d7826bc4047215c93a79328e9405eb3,222.82,7.1849,ETH,transfer,confirmed,2024,1,6
0xdc912a253d1e9ba40e2c597ed2376640,18850663,2024-01-06 08:20:00,polygon,0x276a5657c61b7fef10a83980497ec692,0xfffa4fac6116f20d8905ed8bb6aa7869,36.53,13.7522,BTC,transfer,confirmed,2024,1,6
0x39461a19e9eddfb385ea76b26521ea48,18173162,2024-01-06 08:40:00,ethereum,0x9bbeb0676910456e7794617b8df31ce7,0x4e47b78eb10721635b8d7ac3ad983cdd,1.94,7.8227,USDT,swap,confirmed,2024,1,6
0x8efb100a295c0c690931222ff4467bb8,18249834,2024-01-06 09:00:00,solana,0x3e372031b6c826c7d9c36ab5081d979f,0xe8118364a0fe91a4277a0006d551a7fc,724.15,2.864,MATIC,stake,confirmed,2024,1,6
0xd9fc5b73a8d78fad3d6dffe419384e70,18799180,2024-01-06 09:20:00,polygon,0x82bae3d2e3a49830d7264296bfd301cd,0xf8187ecc361b8a31bed7819848b8607e,125.81,1.9331,USDT,transfer,confirmed,2024,1,6
0xc86a7ee3d8ef0b551ed58e354a836f2b,18877665,2024-01-06 09:40:00,ethereum,0xbc40b25c4dcfbad21b4852a8e442f47d,0xe8b235527f47295df46e781301a8b2f1,535.24,15.0736,ETH,transfer,confirmed,2024,1,6
0xa01a0380ca3c61428c26a231f0e49a09,18226976,2024-01-06 10:00:00,solana,0x4ec5af103012e9466c389fa9db916c71,0xb0629c40ad796c53f1c914700ba34054,331.75,2.8089,MATIC,burn,confirmed,2024,1,6
0x5a4b25aaed25c2ee1b74de72dc03c14e,18711711,2024-01-06 10:20:00,polygon,0x3b62885a8329e926446da5fa0a759599,0x5c38476a6ecc93f8bb68bde4c4b59fc3,21.16,5.1354,BTC,stake,confirmed,2024,1,6
0xf73b76ce8949fe29bf2a537cfa420e8f,18721046,2024-01-06 10:40:00,bitcoin,0x65c63f647a399ae6bb2bf799b2ecf48b,0x49e2453a4d7f1a94e6d0edfccb0e2e66,27.46,10.0907,BTC,burn,confirmed,2024,1,6
0x70c639df5e30bdee440e4cdf599fec2b,18501947,2024-01-06 11:00:00,solana,0x7ecec77a23ac7ff2552b2fcf89f3efdc,0xef1e9bd607e0693fb4e3850d200a3650,288.81,1.9418,USDT,mint,confirmed,2024,1,6
0x28f0b864598a1291557bed248a998d4e,18940963,2024-01-06 11:20:00,ethereum,0x12c89376239501fb59282fb5edb68883,0x615d92d57a77bab3a9cc26cd857f163c,98.38,5.7915,USDT,stake,confirmed,2024,1,6
0x1543843a4723ed2ab08e18053ae6dc5b,18437187,2024-01-06 11:40:00,polygon,0x3f9c090ed0188686b38dc2f4be0dab64,0xa9d7d171e2c8c1fcec1b0e339537f788,227.48,0.7218,USDT,transfer,pending,2024,1,6
0xf8c1f23d6a8d8d7904fc0ea8e066b3bb,18243766,2024-01-06 12:00:00,polygon,0x429b7f96c59e29cb51166715a8ad5f57,0x4a6b5b9f87ca60bb152ac1f3580ac5d0,308.36,17.6216,USDT,swap,confirmed,2024,1,6
0xe46de7e1bcaaced9a54f1e9d0d2f800d,18533953,2024-01-06 12:20:00,polygon,0x6911a93dbfb1a647686c2ba2ca2c70e2,0x1adf154e3b52f29f974e32d78809ced3,2272.17,7.5114,ETH,stake,confirmed,2024,1,6
0xb7b16ecf8ca53723593894116071700c,18085392,2024-01-06 12:40:00,bitcoin,0x9d5b4c43ed6b1f04f43602ae26def12e,0x5cc2e6e2c15584aaa276c7d3f914781b,121.29,4.872,USDT,transfer,confirmed,2024,1,6
0x352fe25daf686bdb4edca223c921acea,18992386,2024-01-06 13:00:00,bitcoin,0xdf90ca6680bc1fee5f597e68e2bdf8f1,0x338029789feb38559574d53e2ebf0677,12.16,2.6823,USDC,transfer,confirmed,2024,1,6
0x18d8042386b79e2c279fd162df0205c8,18437508,2024-01-06 13:20:00,ethereum,0x7abc639eac9341d874a38cfaa31fdd5d,0x508bda5f113244a58f1ce4ebce927e2d,21.95,8.0018,ETH,swap,confirmed,2024,1,6
0x816b112c6105b3ebd537828a39af4818,18835908,2024-01-06 13:40:00,polygon,0x9655f83cc2e491a9ec86408f0b29707f,0x9127b9b843f0223c61cc2a0b3cc89c06,25.38,0.7472,USDT,transfer,confirmed,2024,1,6
0x69cb3ea317a32c4e6143e665fdb20b14,18337773,2024-01-06 14:00:00,ethereum,0x3d2bdd7127d5b13d05db0eb63c54153c,0x0b3ef3e853df2b5f4e91a665dec3aa93,14.44,9.5277,USDT,swap,confirmed,2024,1,6
0xbbf94b34eb32268ada57a3be5062fe7d,18653331,2024-01-06 14:20:00,bitcoin,0x66a7b361e0dfccab8c8146a49781a7a1,0x7c00a63dbf451c5661398ed094468e36,209.25,3.325,ETH,transfer,confirmed,2024,1,6
0x4f4adcbf8c6f66dcfc8a3282ac2bf10a,18632899,2024-01-06 14:40:00,bitcoin,0x6e534aee15dd957db5509154f74fbb62,0xf1b418fc1c580fa5fd44bb11a4ed29a5,57.98,0.8976,ETH,transfer,confirmed,2024,1,6
0xbbcbff5c1f1ded46c25d28119a85c6c2,18477132,2024-01-06 15:00:00,solana,0x7afaca50ca74f431d757c79b90873448,0x1d8018149a9e603dc9784462d87a3973,95.07,3.1177,MATIC,swap,confirmed,2024,1,6
0x8cb22bdd0b7ba1ab13d742e22eed8da2,18842668,2024-01-06 15:20:00,ethereum,0x5a44fe3651bec157f3cf646e9a71b78f,0xdb7ef65d172eab9ea7f610b15e043e0e,124.5,2.8619,ETH,swap,confirmed,2024,1,6
0xf4f6dce2f3a0f9dada0c2b5b66452017,18963383,2024-01-06 15:40:00,solana,0xb1826747cd38457c483eaa7f144e766e,0x811243af76a9cf5b3aeb4eec87e20492,665.58,12.7501,ETH,transfer,confirmed,2024,1,6
0x0d0fd7c6e093f7b804fa0150b875b868,18643467,2024-01-06 16:00:00,ethereum,0x468df68dcecda0299e6da726968a3dba,0xfb1eb265582bb9130fc0a57327f1d6ad,34.95,1.383,ETH,swap,confirmed,2024,1,6
0xa96b65a721e561e1e3de768ac819ffbb,18806375,2024-01-06 16:20:00,polygon,0x7a9e23e20d7b107df43362f5fdad6574,0xc7810b357384cf5c34037e22f4811b7c,206.28,9.7674,ETH,transfer,confirmed,2024,1,6
0x1068c6e4c8051cfd4e9ea8072e3189e2,18450863,2024-01-06 16:40:00,ethereum,0x3c34433f7618b5e90d81919c96c03cff,0x8f6c8d2a69efc09c8a3acbde70efdbbf,112.39,5.5411,USDT,transfer,confirmed,2024,1,6
0x17d63b1625c816c22647a73e1482372b,18000989,2024-01-06 17:00:00,solana,0xd2c3d7d9cf93bc76809e42c8af6d7a67,0xa0f2134c15080c2356b0c4d2b4802328,1255.48,0.3262,MATIC,transfer,confirmed,2024,1,6
0xb9228e0962a78b84f3d5d92f4faa000b,18089612,2024-01-06 17:20:00,polygon,0xce9c629623d9c2ef3e724b7b656a7a76,0xcaa1757474d117251888f47066dc3d28,1.11,1.2397,ETH,stake,confirmed,2024,1,6
0x0deb1c54814305ca9ad266f53bc82511,18367078,2024-01-06 17:40:00,solana,0x7e49671bbdf7196c59db8f1b8c973e4b,0x031649b8c084b1dbb37cb2c30fe30553,594.3,1.2968,USDC,burn,confirmed,2024,1,6
0x66808e327dc79d135ba18e051673d906,18681345,2024-01-06 18:00:00,ethereum,0x44e4771dc964fe9cbee316c7a3b2f196,0x52b39c3ad6cfb4dc378e308a77721f85,362.17,8.5371,BTC,transfer,confirmed,2024,1,6
0x42e7aaa88b48137a16a1acd04ed91125,18373184,2024-01-06 18:20:00,ethereum,0xdc6dd08dd9a835dab3f17eaa7f413d2e,0xf28d8674c8aa8e1ed33b353881daa283,374.72,5.2759,ETH,mint,confirmed,2024,1,6
0x8fe0093bb30d6f8c31474bd0764e6ac0,18426885,2024-01-06 18:40:00,bitcoin,0x45ff989eb2826b41ffe5b67539610d3d,0xa0afd6926c1ff68e9938514a3e2b177b,552.43,1.2693,ETH,swap,confirmed,2024,1,6
0x41ae36ecb9b3eee609d05b90c14222fb,18502051,2024-01-06 19:00:00,ethereum,0x462448dda93ff83b4c535d312baf33d7,0x4fd74d73a5de3c3f1fa1a86330ccbc25,4254.5,3.2125,USDT,transfer,confirmed,2024,1,6
0xd1f255a373a3cef72e03aa9d980c7eca,18142596,2024-01-06 19:20:00,ethereum,0x121f7c48298a4b87337defef069924d5,0xbcc5ead125e2a4354b73a8f2836984c8,2762.8,2.9788,ETH,transfer,confirmed,2024,1,6
0x7eacb532570ff6858afd2723755ff790,18947511,2024-01-06 19:40:00,polygon,0xedfafc948d914f469a5306dc1a4492ea,0x865844649c1b8699bedbdb5e537bec98,1178.83,1.5844,ETH,transfer,pending,2024,1,6
0xb6f0479ae87d244975439c6124592772,18594425,2024-01-06 20:00:00,polygon,0x5793700343a62eb759b41f2003632cfd,0x9db66c78dd0a5abeb04990b88af60b31,93.12,1.4598,ETH,stake,confirmed,2024,1,6
0xe0c641195b27425bb056ac56f8953d24,18581908,2024-01-06 20:20:00,ethereum,0xeee0aab16da98010e9ab145300fd0650,0xd4cd917fce40b8735872d7ead611e67e,394.43,1.7511,MATIC,mint,confirmed,2024,1,6
0xf85454e8279be180185cac7d243c5eb3,18076208,2024-01-06 20:40:00,bitcoin,0x6423c2b12ffefa3268a6ea0959d1e46e,0x429fed7d5d3c50c3023c9b348bff1031,943.88,3.1377,ETH,swap,confirmed,2024,1,6
0xfaa9afea49ef2ff029a833cccc778fd0,18973130,2024-01-06 21:00:00,polygon,0xac8bd8e5b84c18be6dec7ed7d2b8af3b,0x9c70210746f47e02c79b9975d452bc59,1772.6,6.3856,BTC,burn,confirmed,2024,1,6
0x3c7781a36bcd6cf08c11a970fbe0e2a6,18608232,2024-01-06 21:20:00,bitcoin,0x6ec4fcf329f1071fb16b48feb03da0e8,0x88f350a60198bddc45af39f0645d9f21,705.76,9.1859,BTC,transfer,confirmed,2024,1,6
0x25b2822c2f5a3230abfadd476e8b04c9,18030260,2024-01-06 21:40:00,bitcoin,0x0a87b89484bc3a8fe47faeac616a6522,0xe92d0514fffc914b7f1161250a7f03f8,4.56,3.2436,BTC,transfer,confirmed,2024,1,6
0x6ecbdd6ec859d284dc13885a37ce8d81,18052102,2024-01-06 22:00:00,polygon,0x39c08709b132f1bd71746399ba26bd82,0x989ba1783be923e7ad9bc90e52ecbbcf,9.69,6.5067,MATIC,burn,confirmed,2024,1,6
0x18997733ec258a9fcaf239cc55d53363,18134584,2024-01-06 22:20:00,ethereum,0xf7dc4be90d41709f7532e72c7add4a5a,0x676487ba4b7841a2521566cd1b6f5991,45.92,2.5997,USDT,swap,confirmed,2024,1,6
0x8d7d8ee069cb0cbbf816bbb65d56947e,18925908,2024-01-06 22:40:00,bitcoin,0x286ba612fb135f649f0799eec367baa7,0x672c52737a34664e883db019c514db5a,707.28,2.4873,BTC,transfer,confirmed,2024,1,6
0x75fc093c0ee742f6dddaa13fff98f104,18554459,2024-01-06 23:00:00,bitcoin,0xe6eff24a51ff842e489234ef8e73ecca,0x51e847f84241ace98ffe6b16e83a30ce,477.8,3.9283,USDT,stake,confirmed,2024,1,6
0xf74909ace68e51891440e4da0b65a70c,18106971,2024-01-06 23:20:00,polygon,0xec597c2b244b1883b3a45e6946accdf4,0xb5dbedee126b007d4bb858c94afa0b17,1276.61,7.6875,ETH,transfer,confirmed,2024,1,6
0x66368270ffd51418ec58bd793f2d9b1b,18076027,2024-01-06 23:40:00,bitcoin,0x7395a40c2362452913eaa4229613870f,0x9c3a1ecdeeb008ebd5df9d1d71d27759,372.44,4.1634,MATIC,stake,confirmed,2024,1,6
0x248e844336797ec98478f85e7626de4a,18933011,2024-01-07 00:00:00,solana,0x4ad46be569763c9f1720414e7814a9ed,0x2ab55e984e1b4b7ea4dfe7b598a49e27,31.03,5.3815,BTC,transfer,confirmed,2024,1,7
0x019d385eb67632a7e958e23f24bd07d7,18877094,2024-01-07 00:20:00,ethereum,0xc9395d77dced2d02b85c5f63b54bb9a8,0x0c852db4fa04af7597657ec5ca11f895,185.13,1.2016,USDT,transfer,confirmed,2024,1,7
0xa49e9411d64ff53eccfdd09ad10a15b3,18657474,2024-01-07 00:40:00,solana,0x7697b10474c0f8200f63f7a94f443762,0xce4f95bc7ab40a743a38a827a3bd0dbb,479.48,3.8073,ETH,mint,confirmed,2024,1,7
0xddb30680a691d157187ee1cf9e896d03,18523303,2024-01-07 01:00:00,solana,0x4be93e1593242bd5cd9c92380954055e,0x908af81148ca437396707545774ba89c,993.52,5.528,BTC,transfer,confirmed,2024,1,7
0x2421fcb1263b9530df88f7f002e78ea5,18895356,2024-01-07 01:20:00,polygon,0x6e56af5e2c22a47bde0910fcb1fc3894,0xf0a1f339b8d7c0caaf9f05bcaf445df2,29.68,3.6172,MATIC,transfer,confirmed,2024,1,7
0xfccb60fb512d13df5083790d64c4d5dd,18924920,2024-01-07 01:40:00,solana,0x45328bd57a567b16f587825936e9a66b,0x2c37b31984da25d83509b76b409389ea,1877.16,29.1478,BTC,mint,confirmed,2024,1,7
0x1651cf0d2f737d7adeab84d339dbabd3,18249951,2024-01-07 02:00:00,solana,0xb95d9f00a15a80ffdf404b709b560817,0xa9f2585ee4ad489271ea85b0a5597054,13.2,2.09,USDC,swap,confirmed,2024,1,7
0xeed5af6add95a9a6f1252739b1ad8c24,18972609,2024-01-07 02:20:00,ethereum,0x6946d3c06352c1ee3834c08de0828db9,0x4bd72fc70683cb5128aca04d75e928fa,2.74,1.6469,ETH,swap,confirmed,2024,1,7
0xa8abb4bb284b5b27aa7cb790dc20f80b,18967945,2024-01-07 02:40:00,solana,0xf8966bcb690245f77d4099b149039143,0xcd5552335c77b6a98dfa02bd48aef65e,2998.76,1.8887,ETH,transfer,confirmed,2024,1,7
0x15d4e891d784977cacbfcbb00c48f133,18532047,2024-01-07 03:00:00,polygon,0xabf4b21b695d1c74010795a60827c9f9,0x89c3d182334cf50f22c815254b365715,26.56,0.5185,USDT,transfer,confirmed,2024,1,7
0xc203d8a151612acf12457e4d67635a95,18316779,2024-01-07 03:20:00,bitcoin,0x7693a918d5cf7e46e3a875b20763ee06,0xe0a30de2e991c0b061960bd8107238d4,255.42,2.848,ETH,transfer,confirmed,2024,1,7
0x13f3cf8c531952d72e5847c4183e6910,18484536,2024-01-07 03:40:00,solana,0xf322bd55c44f8ff7937b6dfe28791605,0xaecd461a32696ac5e707e09db6f36ee7,181.28,15.1203,MATIC,burn,confirmed,2024,1,7
0x550a141f12de6341fba65b0ad0433500,18738362,2024-01-07 04:00:00,ethereum,0x7d81ee826eee4b11e0c782db8fa0b985,0xb726f03f821d95776c7d20a4bced0d8f,272.31,2.5522,USDC,swap,confirmed,2024,1,7
0x67f7fb873eaf29526a11a9b7ac33bfac,18775007,2024-01-07 04:20:00,solana,0x60fd74be9f25ce3f63f5d1e395e2c38a,0xecf88bbf1c07c4603f5a1cbd30bd7362,2.29,12.1098,BTC,swap,confirmed,2024,1,7
0x1a5b1e4daae265b790965a275b53ae50,18380027,2024-01-07 04:40:00,solana,0x2fac021875daa4229d6e32e9a76f6cf0,0x51b063be7fd0380bb41c2c66f1ec5e77,158.26,3.4999,USDT,swap,confirmed,2024,1,7
0x9a96876e2f8f3dc4f3cf45f02c61c0c1,18770863,2024-01-07 05:00:00,solana,0xab14ff0147e07c255f77f30a14fa4ffe,0xe8a60d1ba8a8e045bc834248f64c319d,3224.61,7.3294,ETH,mint,failed,2024,1,7
0x9b70e8fe62e40c570a322f1b0b659098,18851748,2024-01-07 05:20:00,ethereum,0xa37b224953ee13a9e7f1c428577dbb5a,0xc08840ab5a93287611b116e9271bd4c5,89.83,14.2107,ETH,mint,confirmed,2024,1,7
0xd61e4bbd6393c9111e6526ea173a7c8b,18924831,2024-01-07 05:40:00,ethereum,0xceba70a099317d3a7a53943e5a1ee14b,0x8943bfce139854c7d9819d9c112d4d67,64.1,3.6748,ETH,transfer,confirmed,2024,1,7
0xf5f8590cd58a54e94377e6ae2eded4d9,18253451,2024-01-07 06:00:00,bitcoin,0xed70740c50b1d5930cabb34ee105ce89,0xb59ea3944c72fde0519d6a943b3d720f,1419.83,4.0901,USDC,transfer,confirmed,2024,1,7
0x941e1aaaba585b952b62c14a3a175a61,18151492,2024-01-07 06:20:00,solana,0x407cdff8a8abc093b64398c8db47ed58,0x8a5c3a15843c97fe7bfb6f1b63248b90,287.67,25.1269,USDT,stake,confirmed,2024,1,7
0x9431c87f273e507e6040fcb07dcb4509,18601871,2024-01-07 06:40:00,polygon,0x974d78e98b9a3e694af8501a480e308a,0x463f2dd2db72842511fec69128e48489,9.76,4.4402,USDT,transfer,confirmed,2024,1,7
0x49ae49a23f67c759bf4fc791ba842aa2,18107589,2024-01-07 07:00:00,ethereum,0x0d78b4e3d94bcb4c9237b747d990bb8b,0x65eb4e91005f624dc72df7f5e210ea44,184.35,2.8745,USDC,swap,confirmed,2024,1,7
0xe44fea3bec53bcea3b7513ccef5857ac,18945972,2024-01-07 07:20:00,bitcoin,0x63a574030818f05d6b619ef253547580,0x14613499cfb1166ebfa34a90c791cc6f,3491.52,3.9754,USDC,transfer,confirmed,2024,1,7
0x821fa74b50ba3f7cba1e6c53e8fa6845,18413481,2024-01-07 07:40:00,bitcoin,0x0a553fe70d8c9045ea2116fea7c9ae30,0x2aa0efb7c0a85ab8b024cd3e89d15a57,47.41,7.2737,ETH,transfer,confirmed,2024,1,7
0x250cf8b51c773f3f8dc8b4be867a9a02,18763791,2024-01-07 08:00:00,bitcoin,0xa785f8fb510fa8935cb925c11519b338,0xb1c9ad10ae33d24178d39a26a9069529,63.63,1.0193,USDT,swap,confirmed,2024,1,7
0x42998cf32d552343bc8e460416382dca,18783670,2024-01-07 08:20:00,solana,0x7ab26df3e44573b38bb0adc3ecdef4b3,0x7b248239c53a768f0bf0ad594379a146,310.76,6.3297,ETH,transfer,confirmed,2024,1,7
0xd07e70efcfab08731a97e7b91be644de,18847594,2024-01-07 08:40:00,bitcoin,0x6a4f60ff5de9fb82d5a18db9e49eab39,0xc743bf528ad147cef758c662683a4196,1289.36,5.3909,USDC,transfer,confirmed,2024,1,7
0x7fe1f8abaad094e0b5cb1b01d712f708,18398700,2024-01-07 09:00:00,ethereum,0x2623a6c971bdf2b1e798b0aad971ed76,0xa093294c86a2099775e5807087abf76a,8.11,2.5156,MATIC,transfer,confirmed,2024,1,7
0x98b297950041a42470269d56260243a1,18206106,2024-01-07 09:20:00,bitcoin,0x82a0c64062411b4c029563f9f49bbf20,0x4bad5ce6d830e02c342a9f04c1030e88,14.18,2.2498,USDC,swap,confirmed,2024,1,7
0x0353ab4cbed5beae847a7ff6e220b5cf,18085688,2024-01-07 09:40:00,polygon,0x8e796056366d0970b6672a47482948b3,0xc4a255478094f7eec53cdf116bf5147b,152.82,17.4284,USDC,mint,confirmed,2024,1,7
0x51d92be1c60d1db1d2e5e7a07da55b26,18705417,2024-01-07 10:00:00,bitcoin,0x198e0fd8f9f926dbf9b839f60e760174,0x16205a6358472ac816fae3ef50573616,92.83,2.3837,MATIC,transfer,confirmed,2024,1,7
0x428fca9bc1921c25c5121f9da7815cde,18631806,2024-01-07 10:20:00,solana,0xe78fbb03009e14d7f727f639b8359c3c,0xa7561dfa8606c67a28c2c00f4cdda74d,111.41,15.3508,BTC,mint,confirmed,2024,1,7
0xf1b6f2857fb6d44dd73c7041e0aa0f19,18642212,2024-01-07 10:40:00,ethereum,0xa3f7c07b9c61617d70d7dd2b8d9959fc,0x7a8f9a757052045d48c8c6524a1dd4bb,25.17,2.1729,BTC,transfer,confirmed,2024,1,7
0x68ce199ec2c5517597ce0a4d89620f55,18789228,2024-01-07 11:00:00,solana,0x276a5657c61b7fef10a83980497ec692,0x0bb77b92f115a4c42f990629f50d32d8,969.37,5.306,USDT,stake,confirmed,2024,1,7
0xe836d813fd184325132fca8edcdfb40e,18484590,2024-01-07 11:20:00,polygon,0x9bbeb0676910456e7794617b8df31ce7,0xcc259a5f4e53ce58293fe2e724649f0a,5680.81,7.2205,MATIC,transfer,confirmed,2024,1,7
0xab817c9349cf9c4f6877e1894a1faa00,18046494,2024-01-07 11:40:00,ethereum,0x3e372031b6c826c7d9c36ab5081d979f,0x0d92cb318fefb97d51a95b40d31f0b1b,3883.57,9.2674,USDT,stake,confirmed,2024,1,7
0x877a9ba7a98f75b90a9d49f53f15a858,18695044,2024-01-07 12:00:00,polygon,0x82bae3d2e3a49830d7264296bfd301cd,0x6e50aa04a991e615cad0cb9f70c5fed9,237.21,4.0159,USDT,swap,confirmed,2024,1,7
0xdc6a6489640ca02b0d42dabeb8e46bb7,18129317,2024-01-07 12:20:00,solana,0xbc40b25c4dcfbad21b4852a8e442f47d,0xf9d1004f15261856c5fc95ec480febf6,1790.7,1.4247,USDC,transfer,confirmed,2024,1,7
0x26337353b7962f533d78c762373b3318,18302803,2024-01-07 12:40:00,solana,0x4ec5af103012e9466c389fa9db916c71,0x8b4430e4eb7fbd1a5ed62fff2ae41731,45.48,9.4558,USDT,transfer,confirmed,2024,1,7
0x8e6b42f1644ecb1327dc03ab345e618b,18620534,2024-01-07 13:00:00,polygon,0x3b62885a8329e926446da5fa0a759599,0x668c08fa082912516df337acdce885b6,314.75,3.2644,USDT,transfer,confirmed,2024,1,7
0xef575e8837d065a1683c022d2077d342,18729645,2024-01-07 13:20:00,ethereum,0x65c63f647a399ae6bb2bf799b2ecf48b,0xcfc554255d483e8d2e67dc39058812eb,561.79,2.6392,ETH,transfer,confirmed,2024,1,7
0x2050e03ca119580f74cca14cc6e97462,18942550,2024-01-07 13:40:00,ethereum,0x7ecec77a23ac7ff2552b2fcf89f3efdc,0xf92ca8882ce1f297302dfbed4ecccce4,2576.5,2.2106,USDC,transfer,confirmed,2024,1,7
0x25ddc0f8c9d3e22e03d3076f98d83cb2,18285305,2024-01-07 14:00:00,bitcoin,0x12c89376239501fb59282fb5edb68883,0xec8bdfcedc8db1ad50c2809895752feb,6.81,18.7794,BTC,transfer,confirmed,2024,1,7
0x5ef0b4eba35ab2d6180b0bca7e46b6f9,18575512,2024-01-07 14:20:00,polygon,0x3f9c090ed0188686b38dc2f4be0dab64,0xc70b9dcaf43acdb7ca50b866b71d8795,85.32,2.4903,BTC,transfer,confirmed,2024,1,7
0x598b3e71ec378bd83e0a727608b5db01,18293339,2024-01-07 14:40:00,bitcoin,0x429b7f96c59e29cb51166715a8ad5f57,0x847a20b2a409bbfca3f0a51309012614,10.04,4.131,USDT,transfer,confirmed,2024,1,7
0x74071a673307ca7459bcf75fbd024e09,18264737,2024-01-07 15:00:00,bitcoin,0x6911a93dbfb1a647686c2ba2ca2c70e2,0x3e58d6a5b63d73b4f51e08517c6cb136,641.24,9.093,ETH,swap,confirmed,2024,1,7
0xcfee398643cbc3dc5eefc89334cacdc1,18539804,2024-01-07 15:20:00,ethereum,0x9d5b4c43ed6b1f04f43602ae26def12e,0x93cf1ce0d45dd4dc30de08f7d7d7c4fc,63.36,6.6969,ETH,transfer,confirmed,2024,1,7
0xd18f655c3fce66ca401d5f38b48c89af,18470137,2024-01-07 15:40:00,ethereum,0xdf90ca6680bc1fee5f597e68e2bdf8f1,0xd4cd815febe38f897487631393bf764e,1136.48,2.0914,USDT,swap,confirmed,2024,1,7
0x6ea2ef7311b482724a9b7b0bc0dd85c6,18191829,2024-01-07 16:00:00,polygon,0x7abc639eac9341d874a38cfaa31fdd5d,0x36dd49488ea744e26a2209907207ca73,149.79,11.5879,ETH,stake,confirmed,2024,1,7
0x9461cce28ebe3e76fb4b931c35a169b0,18892000,2024-01-07 16:20:00,ethereum,0x9655f83cc2e491a9ec86408f0b29707f,0x25c33903b16c17181fff969dee441fe2,5.12,17.9615,USDC,transfer,confirmed,2024,1,7
0xf770b62bc8f42a0b66751fe636fc6eb0,18870557,2024-01-07 16:40:00,ethereum,0x3d2bdd7127d5b13d05db0eb63c54153c,0xf81bc33bca062e4a5c55dcef16f78ebc,235.82,4.7702,USDC,swap,confirmed,2024,1,7
0xe1e32e235eee1f970470a3a6658dfdd5,18227396,2024-01-07 17:00:00,ethereum,0x66a7b361e0dfccab8c8146a49781a7a1,0x96a3f27d70f5614b8a3b17257f781a2e,4096.92,17.4057,MATIC,swap,confirmed,2024,1,7
0xeba0dc302bcd9a273f8bbb72be3a687b,18082213,2024-01-07 17:20:00,ethereum,0x6e534aee15dd957db5509154f74fbb62,0x81544975cc160ddf4ca4e864c4973b90,118.18,5.5071,BTC,transfer,confirmed,2024,1,7
0x218a0aefd1d1a4be65601cc6ddc1520e,18643048,2024-01-07 17:40:00,polygon,0x7afaca50ca74f431d757c79b90873448,0xd18c4cb23a10d14f636ab755cb9ed1a5,163.71,6.131,ETH,swap,confirmed,2024,1,7
0x7d04bbbe5494ae9d2f5a76aa1c00fa2f,18113194,2024-01-07 18:00:00,ethereum,0x5a44fe3651bec157f3cf646e9a71b78f,0x5860ae442ba1734ea2152a48df27c73d,88.97,4.3121,MATIC,transfer,confirmed,2024,1,7
0xa516a87cfcaef229b342c437fe2b95f7,18087125,2024-01-07 18:20:00,ethereum,0xb1826747cd38457c483eaa7f144e766e,0x42058014ba333a403deee0b2e5d8b4bd,1.0,1.0499,BTC,stake,confirmed,2024,1,7
0xc3c59e5f8b3e9753913f4d435b53c308,18018440,2024-01-07 18:40:00,ethereum,0x468df68dcecda0299e6da726968a3dba,0x8271ebe3719920096e171eb057f38df0,69.89,3.0951,USDT,transfer,confirmed,2024,1,7
0x854d9fca60b4bd07f9bb215d59ef5561,18011962,2024-01-07 19:00:00,solana,0x7a9e23e20d7b107df43362f5fdad6574,0x80f977a8bdc0e884c2ffe5eee6052fe9,374.29,18.4579,USDC,transfer,failed,2024,1,7
0xc410003ef13d451727aeff9082c29a5c,18743651,2024-01-07 19:20:00,polygon,0x3c34433f7618b5e90d81919c96c03cff,0x621c4b5daa1ad37a7c63a07c50c009ed,149.24,4.9639,ETH,swap,confirmed,2024,1,7
0x559cb990c9dffd8675f6bc2186971dc2,18082257,2024-01-07 19:40:00,polygon,0xd2c3d7d9cf93bc76809e42c8af6d7a67,0x02f3b5c7a0ba589590f72c93a811095b,36.73,3.0026,ETH,transfer,confirmed,2024,1,7
0x55a7cf9c71f1c9c495413f934dd1a158,18732799,2024-01-07 20:00:00,solana,0xce9c629623d9c2ef3e724b7b656a7a76,0xe4e56a6d1c3554690c9df3e0f6682eff,2175.84,1.3796,USDT,swap,confirmed,2024,1,7
0x2f55707d4193dc27118a0f19a1985716,18960791,2024-01-07 20:20:00,solana,0x7e49671bbdf7196c59db8f1b8c973e4b,0x670548f36d5d97f96d6aa344bfed1e1a,991.3,11.0187,MATIC,transfer,confirmed,2024,1,7
0x1be3bc32e6564055d5ca3e5a354acbef,18749550,2024-01-07 20:40:00,polygon,0x44e4771dc964fe9cbee316c7a3b2f196,0x362bf804f2d863b41c9db7ac977ea998,104.0,6.1448,ETH,swap,confirmed,2024,1,7
0x35051070e572e47d2c26c241ab88307f,18493281,2024-01-07 21:00:00,bitcoin,0xdc6dd08dd9a835dab3f17eaa7f413d2e,0x8ff321ae19667fdf5a270d61de3e8284,125.55,7.9019,USDT,stake,confirmed,2024,1,7
0xb534ba68236ba543ae44b22bd110a1d6,18508853,2024-01-07 21:20:00,bitcoin,0x45ff989eb2826b41ffe5b67539610d3d,0x95fed106b5dbb96d08961e7e1ce8189c,701.51,3.0021,MATIC,mint,confirmed,2024,1,7
0x7380ad8a673226ae47fce7bff88e9c33,18289503,2024-01-07 21:40:00,ethereum,0x462448dda93ff83b4c535d312baf33d7,0x183326747f177d5985a004afd7552c08,1563.69,10.3335,ETH,transfer,confirmed,2024,1,7
0x05f971b5ec196b8c65b75d2ef8267331,18371990,2024-01-07 22:00:00,ethereum,0x121f7c48298a4b87337defef069924d5,0x74f91f6fc3421bb1c3edce0176956bf4,28.3,14.6387,MATIC,transfer,pending,2024,1,7
0x3cf166c6b73f030b4f67eeaeba301103,18160628,2024-01-07 22:20:00,bitcoin,0xedfafc948d914f469a5306dc1a4492ea,0xcf1ff989de77c963d8ecc1716c357b22,646.42,11.0246,USDT,transfer,confirmed,2024,1,7
